player_id,player_name,plateAppearances,hits,homeRuns,rbi,baseOnBalls,strikeOuts,avg,obp,slg,ops
825159,Yunior Amparo,1,1,0,0,0,0,1.0,1.0,1.0,2.0
702995,Antonio Anderson,2,2,0,1,0,0,1.0,1.0,1.0,2.0
801194,Max Anderson,2,2,1,3,0,0,1.0,1.0,2.5,3.5
803011,Sam Antonacci,2,1,0,0,1,0,1.0,1.0,2.0,3.0
821782,Andreimi Antunez,2,2,0,0,0,0,1.0,1.0,1.0,2.0
700164,Bryant Betancourt,1,1,0,1,0,0,1.0,1.0,1.0,2.0
687749,Jase Bowen,1,1,0,0,0,0,1.0,1.0,1.0,2.0
829939,Jhorman Bravo,1,1,0,0,0,0,1.0,1.0,1.0,2.0
804645,Caden Connor,1,1,0,0,0,0,1.0,1.0,1.0,2.0
695521,Gavin Conticello,1,1,0,2,0,0,1.0,1.0,3.0,4.0
800050,Chase DeLauter,6,4,2,4,2,0,1.0,1.0,2.75,3.75
592273,Brandon Drury,1,1,0,1,0,0,1.0,1.0,1.0,2.0
687867,Clay Dungan,2,1,0,0,1,0,1.0,1.0,2.0,3.0
671272,David García,1,1,0,0,0,0,1.0,1.0,1.0,2.0
801957,Dub Gleed,1,1,0,0,0,0,1.0,1.0,1.0,2.0
665489,Vladimir Guerrero Jr.,3,2,1,2,1,0,1.0,1.0,2.5,3.5
680753,Adam Hackenberg,1,1,0,0,0,0,1.0,1.0,1.0,2.0
623168,Tyler Heineman,1,1,0,0,0,0,1.0,1.0,1.0,2.0
687231,Darell Hernaiz,2,2,0,0,0,0,1.0,1.0,1.0,2.0
681715,Heriberto Hernández,3,2,0,0,1,0,1.0,1.0,1.0,2.0
809101,Tommy Hopfe,1,1,0,0,0,0,1.0,1.0,2.0,3.0
824615,Connor Hujsak,1,1,0,2,0,0,1.0,1.0,2.0,3.0
702140,Ruben Ibarra,1,1,0,0,0,0,1.0,1.0,1.0,2.0
805365,Isaiah Jackson,1,1,0,1,0,0,1.0,1.0,2.0,3.0
699228,Jakey Josepha,1,1,0,1,0,0,1.0,1.0,1.0,2.0
672386,Alejandro Kirk,4,3,1,3,1,0,1.0,1.0,2.333,3.333
800029,Modeifi Marte,1,1,0,1,0,0,1.0,1.0,3.0,4.0
682003,Garrett Martin,1,1,0,0,0,0,1.0,1.0,1.0,2.0
543510,James McCann,2,2,0,1,0,0,1.0,1.0,1.5,2.5
807747,Rikuu Nishida,1,1,0,0,0,0,1.0,1.0,1.0,2.0
835614,Brady O'Brien,2,2,0,1,0,0,1.0,1.0,1.0,2.0
691627,Ricardo Olivar,1,1,0,1,0,0,1.0,1.0,2.0,3.0
696030,Alejandro Osuna,1,1,0,0,0,0,1.0,1.0,1.0,2.0
676566,Shawn Ross,1,1,1,1,0,0,1.0,1.0,4.0,5.0
829035,Andrew Salas,2,2,0,0,0,0,1.0,1.0,1.0,2.0
702278,Nolan Schubart,3,2,1,3,1,0,1.0,1.0,3.0,4.0
683021,Michael Stefanic,5,4,0,1,1,0,1.0,1.0,1.5,2.5
664954,Brett Sullivan,2,2,1,1,0,0,1.0,1.0,3.5,4.5
596142,Gary Sánchez,2,2,0,0,0,0,1.0,1.0,1.0,2.0
686475,Tyler Tolbert,1,1,0,0,0,0,1.0,1.0,2.0,3.0
683061,Alexander Vargas,1,1,0,0,0,0,1.0,1.0,1.0,2.0
642180,Tyler Wade,1,1,0,0,0,0,1.0,1.0,1.0,2.0
695078,Jean Walters,1,1,0,0,0,0,1.0,1.0,1.0,2.0
685274,Braiden Ward,4,1,0,0,1,0,1.0,1.0,1.0,2.0
680518,Zavier Warren,1,1,0,1,0,0,1.0,1.0,1.0,2.0
676466,Jack Winkler,1,1,0,0,0,0,1.0,1.0,2.0,3.0
642851,Austin Wynns,1,1,0,0,0,0,1.0,1.0,1.0,2.0
687066,Eric Yang,2,2,0,2,0,0,1.0,1.0,1.0,2.0
624424,Michael Conforto,5,4,0,4,0,0,0.8,0.8,1.6,2.4
693307,Dillon Dingler,5,4,2,3,0,0,0.8,0.8,2.2,3.0
680718,Addison Barger,4,3,0,1,0,0,0.75,0.75,0.75,1.5
669394,Jake Burger,6,3,0,1,2,0,0.75,0.833,0.75,1.583
666152,David Hamilton,4,3,0,3,0,0,0.75,0.75,1.0,1.75
521692,Salvador Perez,4,3,1,1,0,1,0.75,0.75,1.75,2.5
669439,Drew Swift,4,3,1,5,0,0,0.75,0.75,1.75,2.5
814439,Ryan Waldschmidt,5,3,0,0,0,0,0.75,0.8,1.0,1.8
608324,Alex Bregman,7,5,3,4,0,1,0.714,0.714,2.286,3.0
663538,Nico Hoerner,7,5,0,2,0,0,0.714,0.714,0.857,1.571
606115,Orlando Arcia,7,4,0,3,1,1,0.667,0.714,0.667,1.381
671117,Darren Baker,3,2,0,1,0,0,0.667,0.667,0.667,1.334
650490,Yandy Díaz,9,6,0,3,0,0,0.667,0.667,0.778,1.445
543309,Kyle Higashioka,3,2,0,1,0,1,0.667,0.667,1.333,2.0
656555,Rhys Hoskins,7,4,0,2,1,1,0.667,0.714,1.0,1.714
702593,Jace LaViolette,3,2,0,0,0,1,0.667,0.667,0.667,1.334
668885,Austin Martin,8,4,0,0,1,1,0.667,0.75,0.667,1.417
624512,Reese McGuire,3,2,1,1,0,1,0.667,0.667,2.0,2.667
678009,Parker Meadows,3,2,0,1,0,0,0.667,0.667,1.0,1.667
681546,James Outman,7,4,2,4,1,1,0.667,0.714,1.667,2.381
682868,Bryan Ramos,3,2,0,0,0,1,0.667,0.667,0.667,1.334
691016,Tyler Soderstrom,4,2,1,2,1,0,0.667,0.75,2.0,2.75
543807,George Springer,4,2,1,3,1,0,0.667,0.75,1.667,2.417
703673,Kasen Wells,3,2,0,0,0,0,0.667,0.667,0.667,1.334
668721,Payton Henry,5,3,0,1,0,0,0.6,0.6,0.8,1.4
680777,Ryan Jeffers,5,3,0,2,0,0,0.6,0.6,0.6,1.2
592450,Aaron Judge,6,3,1,1,1,2,0.6,0.667,1.2,1.867
608070,José Ramírez,6,3,1,2,1,0,0.6,0.667,1.2,1.867
650402,Gleyber Torres,6,3,0,3,1,1,0.6,0.667,1.0,1.667
642201,Eli White,6,3,1,1,0,1,0.6,0.667,1.2,1.867
686948,Drake Baldwin,7,4,0,3,0,2,0.571,0.571,0.857,1.428
687859,Troy Johnston,7,4,1,3,0,2,0.571,0.571,1.286,1.857
690022,Ryan Ritter,7,4,1,1,0,2,0.571,0.571,1.143,1.714
596115,Trevor Story,8,4,0,1,1,1,0.571,0.625,0.857,1.482
807799,Masataka Yoshida,7,4,0,4,0,1,0.571,0.571,1.0,1.571
672613,Eliezer Alfonzo,4,2,0,0,0,1,0.5,0.5,0.75,1.25
692657,Omar Alfonzo,2,1,0,0,0,0,0.5,0.5,0.5,1.0
827294,Edgar Alvarez,2,1,0,0,0,1,0.5,0.5,0.5,1.0
665804,Miguel Amaya,2,1,1,1,0,0,0.5,0.5,2.0,2.5
668227,Randy Arozarena,2,1,1,1,0,0,0.5,0.5,2.0,2.5
689196,Owen Ayers,2,1,0,0,0,0,0.5,0.5,0.5,1.0
694208,Moisés Ballesteros,6,3,0,2,0,2,0.5,0.5,0.833,1.333
677943,Will Banfield,2,1,0,0,0,0,0.5,0.5,1.0,1.5
814188,Jayson Bass,2,1,0,0,0,0,0.5,0.5,0.5,1.0
665846,Jesús Bastidas,4,2,0,0,0,0,0.5,0.5,0.5,1.0
810891,Jay Beshears,2,1,0,1,0,1,0.5,0.5,1.5,2.0
666182,Bo Bichette,3,1,0,1,1,0,0.5,0.667,1.0,1.667
680890,Jax Biggers,2,1,0,0,0,0,0.5,0.5,0.5,1.0
666386,Archer Brookman,2,1,0,0,0,0,0.5,0.5,1.0,1.5
621439,Byron Buxton,6,2,2,3,2,1,0.5,0.667,2.0,2.667
669743,Alex Call,5,2,0,1,1,0,0.5,0.6,0.75,1.35
669134,Luis Campusano,3,1,0,0,1,1,0.5,0.667,0.5,1.167
676463,Hayden Cantrelle,2,1,0,0,0,0,0.5,0.5,1.0,1.5
800391,Darlyn De Leon,2,1,0,1,0,1,0.5,0.5,0.5,1.0
680776,Jarren Duran,4,1,0,0,2,1,0.5,0.75,0.5,1.25
665877,José Fermín,2,1,0,1,0,0,0.5,0.5,0.5,1.0
692585,Yanquiel Fernández,2,1,0,0,0,0,0.5,0.5,0.5,1.0
828237,Cooper Flemming,2,1,0,1,0,0,0.5,0.5,0.5,1.0
806495,Kale Fountain,3,1,1,2,0,1,0.5,0.667,2.0,2.667
681807,David Fry,4,2,0,0,0,2,0.5,0.5,0.75,1.25
814436,Ryan Galanie,2,1,0,0,0,0,0.5,0.5,0.5,1.0
641658,Garrett Hampson,4,2,0,0,0,1,0.5,0.5,0.5,1.0
814408,Jackson Hornung,2,1,0,0,0,0,0.5,0.5,0.5,1.0
690992,Ed Howard,2,1,0,0,0,0,0.5,0.5,0.5,1.0
656577,Alex Jackson,2,1,0,0,0,0,0.5,0.5,1.0,1.5
677870,Leo Jiménez,2,1,0,1,0,0,0.5,0.5,0.5,1.0
650391,Eloy Jiménez,2,1,0,0,0,0,0.5,0.5,1.0,1.5
702258,Druw Jones,3,1,0,0,0,1,0.5,0.667,0.5,1.167
663330,Jahmai Jones,2,1,0,0,0,0,0.5,0.5,1.0,1.5
682987,Spencer Jones,5,2,2,3,1,0,0.5,0.6,2.0,2.6
699115,Carlos Jorge,2,1,0,0,0,0,0.5,0.5,0.5,1.0
690291,Jace Jung,6,3,0,0,0,1,0.5,0.5,0.667,1.167
692216,CJ Kayfus,5,2,0,0,0,0,0.5,0.6,0.5,1.1
807712,Luke Keaschall,6,3,1,3,0,0,0.5,0.5,1.0,1.5
608348,Carson Kelly,6,2,0,1,1,1,0.5,0.667,0.75,1.417
664068,Scott Kingery,5,2,0,1,0,0,0.5,0.6,0.5,1.1
668952,Ryan Kreidler,3,1,0,0,0,0,0.5,0.5,0.5,1.0
686797,Brooks Lee,6,3,1,2,0,1,0.5,0.5,1.0,1.5
695734,Daylen Lile,6,3,1,1,0,0,0.5,0.5,1.0,1.5
823702,Alex Madera,2,1,0,1,0,1,0.5,0.5,0.5,1.0
669016,Brandon Marsh,2,1,0,0,0,1,0.5,0.5,0.5,1.0
678554,Curtis Mead,2,1,0,0,0,0,0.5,0.5,1.0,1.5
703158,Jonathan Mejía,4,2,0,0,0,1,0.5,0.5,0.75,1.25
670224,Kameron Misner,2,1,0,0,0,1,0.5,0.5,0.5,1.0
666160,Mickey Moniak,4,2,0,0,0,2,0.5,0.5,0.5,1.0
672515,Gabriel Moreno,6,3,2,2,0,1,0.5,0.5,1.667,2.167
607043,Brandon Nimmo,7,3,1,2,1,0,0.5,0.571,1.0,1.571
678877,Jhonkensy Noel,2,1,0,0,0,0,0.5,0.5,0.5,1.0
542303,Marcell Ozuna,2,1,0,0,0,1,0.5,0.5,0.5,1.0
672761,Wenceel Pérez,5,2,2,5,1,1,0.5,0.6,2.0,2.6
645302,Victor Robles,3,1,0,0,1,0,0.5,0.667,0.5,1.167
677594,Julio Rodríguez,2,1,0,1,0,1,0.5,0.5,0.5,1.0
815933,Leandro Romero,2,1,0,0,0,1,0.5,0.5,0.5,1.0
682177,Daniel Schneemann,5,2,1,2,1,1,0.5,0.6,1.25,1.85
657757,Gavin Sheets,4,2,1,1,0,0,0.5,0.5,1.25,1.75
642086,Dominic Smith,5,2,0,1,1,0,0.5,0.6,0.5,1.1
672820,Lenyn Sosa,4,2,0,4,0,0,0.5,0.5,0.75,1.25
807257,Ty Southisene,3,1,0,0,1,0,0.5,0.667,0.5,1.167
519317,Giancarlo Stanton,4,2,0,0,0,2,0.5,0.5,0.5,1.0
681082,Bryson Stott,2,1,0,0,0,0,0.5,0.5,0.5,1.0
660821,Jesús Sánchez,4,2,1,4,0,1,0.5,0.5,1.5,2.0
669911,Michael Toglia,2,1,0,0,0,0,0.5,0.5,0.5,1.0
814444,Will Turner,2,1,0,0,0,0,0.5,0.5,1.0,1.5
680664,Eduardo Valencia,2,1,0,0,0,0,0.5,0.5,0.5,1.0
543877,Christian Vázquez,2,1,0,0,0,0,0.5,0.5,0.5,1.0
691023,Jordan Walker,4,2,1,1,0,1,0.5,0.5,1.25,1.75
695720,Tommy White,4,1,0,0,2,0,0.5,0.75,0.5,1.25
810938,Ben Williamson,7,3,1,1,1,2,0.5,0.571,1.0,1.571
694377,Nick Yorke,5,2,0,1,0,1,0.5,0.6,0.75,1.35
696100,Hunter Goodman,10,4,0,1,1,2,0.444,0.5,0.556,1.056
666397,Edouard Julien,9,4,1,1,0,3,0.444,0.444,1.111,1.555
678882,Ceddanne Rafaela,10,4,1,1,1,2,0.444,0.5,1.0,1.5
656976,Pavin Smith,9,4,0,1,0,2,0.444,0.444,0.444,0.888
701350,Roman Anthony,7,3,0,1,0,1,0.429,0.429,0.429,0.858
663647,Ke'Bryan Hayes,7,3,0,1,0,2,0.429,0.429,0.429,0.858
606192,Teoscar Hernández,8,3,2,4,1,4,0.429,0.5,1.286,1.786
660271,Shohei Ohtani,8,3,0,3,1,2,0.429,0.5,0.714,1.214
642708,Amed Rosario,7,3,0,3,0,0,0.429,0.429,0.429,0.858
624585,Jorge Soler,9,3,2,6,1,3,0.429,0.444,1.286,1.73
660670,Ronald Acuña Jr.,5,2,0,0,0,1,0.4,0.4,0.8,1.2
641343,Jake Bauers,6,2,1,1,1,0,0.4,0.5,1.2,1.7
665828,Oswaldo Cabrera,5,2,0,0,0,0,0.4,0.4,0.4,0.8
650489,Willi Castro,7,2,0,1,1,1,0.4,0.571,0.4,0.971
680779,Henry Davis,5,2,1,1,0,2,0.4,0.4,1.0,1.4
643289,Mauricio Dubón,5,2,0,0,0,0,0.4,0.4,0.4,0.8
670770,TJ Friedl,6,2,0,0,1,2,0.4,0.5,0.6,1.1
693304,Nick Gonzales,5,2,0,1,0,0,0.4,0.4,0.6,1.0
690993,Colt Keith,6,2,0,0,1,1,0.4,0.5,0.6,1.1
641857,Ryan McMahon,6,2,0,2,0,1,0.4,0.333,0.4,0.733
805367,Chase Meidroth,6,2,0,3,1,1,0.4,0.5,0.8,1.3
660162,Yoán Moncada,9,2,0,1,4,2,0.4,0.667,0.6,1.267
571970,Max Muncy,6,2,0,1,1,3,0.4,0.5,0.6,1.1
621566,Matt Olson,5,2,2,2,0,1,0.4,0.4,1.6,2.0
687401,Joey Ortiz,5,2,0,0,0,1,0.4,0.4,0.4,0.8
500743,Miguel Rojas,5,2,1,2,0,0,0.4,0.4,1.0,1.4
694374,Tim Tawa,5,2,0,0,0,2,0.4,0.4,0.4,0.8
682657,Angel Martínez,8,3,1,2,0,2,0.375,0.375,0.75,1.125
701771,Billy Amick,3,1,0,0,0,0,0.333,0.333,0.333,0.666
683146,Brett Baty,3,1,0,1,0,1,0.333,0.333,0.333,0.666
675915,David Bañuelos,3,1,1,3,0,0,0.333,0.333,1.333,1.666
701807,Carson Benge,3,1,0,0,0,2,0.333,0.333,0.333,0.666
643217,Andrew Benintendi,3,1,0,0,0,0,0.333,0.333,0.667,1.0
605141,Mookie Betts,9,2,0,1,3,1,0.333,0.556,0.333,0.889
801670,Mike Boeve,3,1,0,0,0,1,0.333,0.333,0.333,0.666
703607,Henry Bolte,4,1,0,2,0,1,0.333,0.5,0.667,1.167
687521,Eric Brown Jr.,3,1,0,0,0,2,0.333,0.333,0.667,1.0
671732,Lawrence Butler,3,1,0,0,0,0,0.333,0.333,0.333,0.666
695506,Jac Caglianone,3,1,0,0,0,2,0.333,0.333,0.333,0.666
605170,Victor Caratini,7,2,1,2,1,2,0.333,0.429,0.833,1.262
825761,Ryan Cesarini,3,1,0,0,0,1,0.333,0.333,0.333,0.666
665862,Jazz Chisholm Jr.,8,2,0,2,2,0,0.333,0.5,0.333,0.833
665019,Kody Clemens,6,2,1,1,0,2,0.333,0.333,1.0,1.333
805904,Zach Cole,3,1,0,0,0,1,0.333,0.333,0.333,0.666
661388,William Contreras,6,2,1,1,0,2,0.333,0.333,0.833,1.166
681297,Colton Cowser,5,1,1,2,2,2,0.333,0.6,1.333,1.933
691176,Jasson Domínguez,6,2,1,1,0,0,0.333,0.333,0.833,1.166
686668,Brenton Doyle,10,3,0,2,1,1,0.333,0.4,0.444,0.844
702332,Caleb Durbin,7,2,0,2,1,1,0.333,0.429,0.333,0.762
668752,Duke Ellis,3,1,0,0,0,0,0.333,0.333,0.333,0.666
641555,J.C. Escarra,6,2,0,1,0,2,0.333,0.333,0.667,1.0
669289,Santiago Espinal,6,2,0,0,0,0,0.333,0.333,0.667,1.0
656413,Stuart Fairchild,3,1,0,0,0,1,0.333,0.333,0.667,1.0
666023,Freddy Fermin,3,1,0,0,0,1,0.333,0.333,0.333,0.666
641584,Jake Fraley,5,1,1,1,2,2,0.333,0.6,1.333,1.933
686217,Sal Frelick,6,2,0,0,0,1,0.333,0.333,0.5,0.833
681508,Mickey Gasper,4,1,0,0,1,1,0.333,0.5,0.333,0.833
665926,Andrés Giménez,4,1,0,0,1,0,0.333,0.5,0.667,1.167
669236,Jeremiah Jackson,3,1,1,3,0,0,0.333,0.333,1.333,1.666
701762,Nick Kurtz,4,1,0,0,1,1,0.333,0.5,0.333,0.833
663616,Trevor Larnach,10,3,1,2,1,2,0.333,0.4,0.667,1.067
691783,Jordan Lawlar,4,1,0,2,1,1,0.333,0.5,0.333,0.833
663604,Brandon Lockridge,3,1,0,2,0,1,0.333,0.333,0.333,0.666
666139,Josh Lowe,10,3,0,3,1,3,0.333,0.4,0.333,0.733
700932,Kyle Manzardo,9,3,1,2,0,2,0.333,0.333,0.667,1.0
682622,Noelvi Marte,6,2,1,1,0,1,0.333,0.333,0.833,1.166
516782,Starling Marte,3,1,0,0,0,1,0.333,0.333,0.333,0.666
622761,Jorge Mateo,7,2,0,1,0,2,0.333,0.333,0.5,0.833
457705,Andrew McCutchen,3,1,0,0,0,0,0.333,0.333,0.333,0.666
676694,Jake Meyers,3,1,0,0,0,0,0.333,0.333,0.667,1.0
685087,Jordan Nwogu,4,1,0,0,1,1,0.333,0.5,0.333,0.833
691292,Angel Ortiz,3,1,0,1,0,2,0.333,0.333,0.333,0.666
681624,Andy Pages,8,2,0,1,2,1,0.333,0.5,0.333,0.833
807726,John Peck,3,1,0,0,0,1,0.333,0.333,0.333,0.666
691620,Jeferson Quero,3,1,0,0,0,0,0.333,0.333,0.333,0.666
663728,Cal Raleigh,7,2,0,0,0,2,0.333,0.429,0.5,0.929
670042,Luke Raley,3,1,0,0,0,2,0.333,0.333,0.333,0.666
668670,Jake Rogers,3,1,0,0,0,1,0.333,0.333,0.333,0.666
666163,Ben Rortvedt,3,1,0,0,0,0,0.333,0.333,0.333,0.666
703804,Romeo Sanabria,3,1,1,4,0,1,0.333,0.333,1.333,1.666
680474,Max Schuemann,6,1,1,2,2,2,0.333,0.6,1.333,1.933
656941,Kyle Schwarber,6,2,1,2,0,2,0.333,0.333,1.0,1.333
687363,Victor Scott II,3,1,0,0,0,1,0.333,0.333,0.333,0.666
802415,Chandler Simpson,6,2,0,0,0,0,0.333,0.333,0.333,0.666
820835,Kade Snell,3,1,0,0,0,1,0.333,0.333,1.0,1.333
665742,Juan Soto,3,1,0,0,0,2,0.333,0.333,0.333,0.666
570560,Yolmer Sánchez,5,1,0,0,2,2,0.333,0.6,0.333,0.933
666211,Taylor Trammell,3,1,1,1,0,0,0.333,0.333,1.333,1.666
545361,Mike Trout,8,2,0,0,2,3,0.333,0.5,0.333,0.833
683734,Andrew Vaughn,6,2,1,1,0,0,0.333,0.333,0.833,1.166
670242,Matt Wallner,6,2,0,0,0,1,0.333,0.333,0.5,0.833
657136,Connor Wong,6,2,0,2,0,1,0.333,0.333,0.5,0.833
687597,Jordan Beck,10,3,0,3,0,5,0.3,0.3,0.5,0.8
678489,Jorge Barrosa,8,2,1,1,1,2,0.286,0.375,0.714,1.089
683737,Michael Busch,7,2,1,2,0,1,0.286,0.286,0.714,1.0
682985,Riley Greene,7,2,0,1,0,2,0.286,0.286,0.571,0.857
641680,Jonah Heim,7,2,0,0,0,2,0.286,0.286,0.286,0.572
700250,Ben Rice,8,2,1,1,1,2,0.286,0.375,0.857,1.232
681198,TJ Rumfield,7,2,1,1,0,1,0.286,0.286,0.714,1.0
700246,Carson Williams,7,2,1,2,0,2,0.286,0.286,0.714,1.0
573262,Mike Yastrzemski,8,2,2,2,1,4,0.286,0.375,1.143,1.518
691785,Marcelo Mayer,11,3,0,0,0,1,0.273,0.273,0.364,0.637
682668,Luisangel Acuña,4,1,0,0,0,0,0.25,0.25,0.25,0.5
677942,Blaze Alexander,5,1,0,1,0,2,0.25,0.4,0.25,0.65
691405,Juan Benjamin,4,1,0,0,0,0,0.25,0.25,0.25,0.5
593428,Xander Bogaerts,4,1,0,0,0,1,0.25,0.25,0.5,0.75
664761,Alec Bohm,5,1,0,0,1,1,0.25,0.4,0.25,0.65
691406,Junior Caminero,5,1,0,0,1,0,0.25,0.4,0.25,0.65
701675,Nathan Church,4,1,0,1,0,0,0.25,0.25,0.5,0.75
672016,Denzel Clarke,4,1,0,0,0,3,0.25,0.25,0.5,0.75
676391,Ernie Clement,4,1,0,0,0,0,0.25,0.25,0.25,0.5
686555,Isaac Collins,4,1,0,0,0,1,0.25,0.25,0.25,0.5
650559,Bryan De La Cruz,4,1,0,0,0,0,0.25,0.25,0.5,0.75
680977,Brendan Donovan,6,1,0,0,1,1,0.25,0.5,0.25,0.75
663743,Nick Fortes,4,1,0,0,0,1,0.25,0.25,0.25,0.5
641598,Mitch Garver,5,1,1,2,0,3,0.25,0.2,1.0,1.2
806534,Ben Gobbel,4,1,0,0,0,2,0.25,0.25,0.25,0.5
663757,Trent Grisham,5,1,0,0,1,2,0.25,0.4,0.25,0.65
664023,Ian Happ,7,1,1,1,3,2,0.25,0.571,1.0,1.571
815792,Chase Harlan,4,1,0,0,0,2,0.25,0.25,0.25,0.5
664731,P.J. Higgins,4,1,0,0,0,1,0.25,0.25,0.25,0.5
691781,Brady House,4,1,0,0,0,1,0.25,0.25,0.25,0.5
674441,Jacob Hurtubise,4,1,0,0,0,1,0.25,0.25,0.25,0.5
691720,Kyle Karros,5,1,0,1,1,0,0.25,0.4,0.75,1.15
811965,Joshua Kuroda-Grauer,4,1,0,0,0,2,0.25,0.25,0.5,0.75
596019,Francisco Lindor,4,1,0,0,0,1,0.25,0.25,0.25,0.5
679845,Nick Loftin,4,1,0,0,0,1,0.25,0.25,0.5,0.75
641820,Trey Mancini,5,1,0,1,1,1,0.25,0.4,0.25,0.65
805808,Kevin McGonigle,4,1,0,0,0,1,0.25,0.25,0.25,0.5
815896,Emil Morales,4,1,0,1,0,2,0.25,0.25,0.25,0.5
663624,Ryan Mountcastle,4,1,0,0,0,3,0.25,0.25,0.25,0.5
691777,Max Muncy,4,1,0,0,0,1,0.25,0.25,0.5,0.75
802506,Dylan O'Rae,4,1,0,0,0,0,0.25,0.25,0.25,0.5
672960,Kazuma Okamoto,4,1,0,0,0,0,0.25,0.25,0.25,0.5
671976,Tristan Peters,4,1,0,0,0,0,0.25,0.25,0.25,0.5
801464,Andrew Pintar,4,1,0,0,0,3,0.25,0.25,0.25,0.5
592663,J.T. Realmuto,5,1,0,0,0,2,0.25,0.4,0.25,0.65
650859,Luis Rengifo,4,1,0,0,0,1,0.25,0.25,0.5,0.75
677587,Brayan Rocchio,9,2,1,2,1,0,0.25,0.333,0.625,0.958
667670,Brent Rooker,4,1,1,2,0,1,0.25,0.25,1.0,1.25
660688,Keibert Ruiz,4,1,0,0,0,0,0.25,0.25,0.25,0.5
807957,Yassel Soler,4,1,0,1,0,3,0.25,0.25,0.25,0.5
665750,Leody Taveras,4,1,1,2,0,2,0.25,0.25,1.0,1.25
518595,Travis d'Arnaud,4,1,0,0,0,3,0.25,0.25,0.25,0.5
677800,Wilyer Abreu,10,2,1,1,1,3,0.222,0.3,0.556,0.856
666176,Jo Adell,9,2,0,0,0,6,0.222,0.222,0.222,0.444
668904,Royce Lewis,10,2,0,1,0,0,0.222,0.2,0.333,0.533
678662,Ezequiel Tovar,10,2,1,3,1,3,0.222,0.3,0.556,0.856
624413,Pete Alonso,5,1,0,0,0,1,0.2,0.2,0.2,0.4
571448,Nolan Arenado,5,1,0,0,0,0,0.2,0.2,0.2,0.4
600869,Jeimer Candelario,6,1,0,1,1,3,0.2,0.333,0.2,0.533
702693,Jaison Chourio,5,1,0,1,0,0,0.2,0.2,0.6,0.8
802117,Patrick Clohisy,5,1,0,0,0,1,0.2,0.2,0.2,0.4
682829,Elly De La Cruz,6,1,1,1,1,2,0.2,0.333,0.8,1.133
690976,Alex Freeland,7,1,0,0,2,0,0.2,0.429,0.2,0.629
502671,Paul Goldschmidt,7,1,0,0,1,1,0.2,0.429,0.4,0.829
545341,Randal Grichuk,6,1,1,1,1,0,0.2,0.333,0.8,1.133
547180,Bryce Harper,5,1,0,0,0,1,0.2,0.2,0.4,0.6
694671,Wyatt Langford,6,1,0,0,1,0,0.2,0.333,0.2,0.533
657656,Ramón Laureano,5,1,0,1,0,3,0.2,0.2,0.2,0.4
663968,Jake Mangum,5,1,0,1,0,1,0.2,0.2,0.2,0.4
656716,Zach McKinstry,5,1,0,0,0,1,0.2,0.2,0.2,0.4
669003,Garrett Mitchell,5,1,0,3,0,1,0.2,0.2,0.4,0.6
695657,Colson Montgomery,6,1,0,0,1,2,0.2,0.333,0.2,0.533
665966,Carlos Narváez,6,1,0,0,1,0,0.2,0.333,0.2,0.533
681351,Logan O'Hoppe,6,1,0,0,1,1,0.2,0.333,0.4,0.733
641933,Tyler O'Neill,5,1,0,0,0,1,0.2,0.2,0.4,0.6
592626,Joc Pederson,5,1,1,1,0,3,0.2,0.2,0.8,1.0
687221,Dalton Rushing,6,1,0,3,1,3,0.2,0.333,0.4,0.733
668939,Adley Rutschman,5,1,0,0,0,1,0.2,0.2,0.2,0.4
807713,Matt Shaw,6,1,1,3,1,3,0.2,0.333,0.8,1.133
624641,Edmundo Sosa,5,1,0,0,0,2,0.2,0.2,0.4,0.6
553993,Eugenio Suárez,6,1,0,0,1,3,0.2,0.333,0.2,0.533
696486,James Tibbs III,6,1,1,1,1,1,0.2,0.333,0.8,1.133
689172,Brett Wisely,6,1,0,0,1,1,0.2,0.333,0.2,0.533
666181,Will Benson,7,1,0,0,1,0,0.167,0.286,0.167,0.453
676609,José Caballero,7,1,0,0,1,1,0.167,0.286,0.167,0.453
686527,Dominic Canzone,6,1,0,0,0,1,0.167,0.167,0.5,0.667
695257,Billy Cook,6,1,0,0,0,0,0.167,0.167,0.167,0.334
683002,Gunnar Henderson,7,1,1,2,1,2,0.167,0.286,0.667,0.953
666310,Bo Naylor,6,1,0,1,0,1,0.167,0.167,0.167,0.334
683083,Nasim Nuñez,8,1,0,0,2,2,0.167,0.375,0.167,0.542
672724,Oswald Peraza,6,1,0,2,0,2,0.167,0.167,0.167,0.334
608369,Corey Seager,6,1,0,0,0,3,0.167,0.167,0.333,0.5
663886,Tyler Stephenson,7,1,0,0,0,2,0.167,0.286,0.167,0.453
668930,Brice Turang,6,1,1,1,0,1,0.167,0.167,0.667,0.834
592885,Christian Yelich,6,1,0,0,0,2,0.167,0.167,0.167,0.334
682928,CJ Abrams,7,1,0,0,0,2,0.143,0.143,0.143,0.286
672356,Gabriel Arias,8,1,0,2,1,2,0.143,0.25,0.143,0.393
641355,Cody Bellinger,8,1,0,1,0,2,0.143,0.125,0.143,0.268
657557,Paul DeJong,7,1,0,1,0,1,0.143,0.143,0.286,0.429
518692,Freddie Freeman,9,1,0,1,2,2,0.143,0.333,0.286,0.619
701398,Sal Stewart,9,1,0,0,2,2,0.143,0.333,0.143,0.476
621020,Dansby Swanson,7,1,0,2,0,3,0.143,0.143,0.143,0.286
669326,Bryce Teodosio,7,1,0,0,0,2,0.143,0.143,0.143,0.286
663656,Kyle Tucker,9,1,0,0,2,2,0.143,0.333,0.143,0.476
668723,Ryan Vilade,7,1,0,0,0,2,0.143,0.143,0.143,0.286
656484,Tristan Gray,8,1,0,1,0,3,0.125,0.125,0.125,0.25
664983,Jake McCarthy,9,1,0,0,0,1,0.125,0.222,0.125,0.347
655316,Andruw Monasterio,8,1,0,1,0,1,0.125,0.125,0.125,0.25
687263,Zach Neto,10,1,0,0,0,5,0.125,0.3,0.25,0.55
669257,Will Smith,8,1,0,1,0,5,0.125,0.125,0.125,0.25
668715,Spencer Steer,9,1,0,0,1,1,0.125,0.222,0.25,0.472
695578,James Wood,8,1,0,0,0,4,0.125,0.125,0.125,0.25
545121,Ildemaro Vargas,9,1,1,2,0,2,0.111,0.111,0.444,0.555
834685,Angel Abreu,1,0,0,0,0,0,0.0,0.0,0.0,0.0
645277,Ozzie Albies,5,0,0,0,1,0,0.0,0.2,0.0,0.2
682634,Kevin Alcántara,2,0,0,0,0,1,0.0,0.0,0.0,0.0
694580,Kemp Alderman,4,0,0,1,0,3,0.0,0.0,0.0,0.0
680769,CJ Alexander,1,0,0,0,0,1,0.0,0.0,0.0,0.0
514888,Jose Altuve,2,0,0,0,0,1,0.0,0.0,0.0,0.0
670541,Yordan Alvarez,2,0,0,0,0,1,0.0,0.0,0.0,0.0
609280,Miguel Andujar,5,0,0,0,0,2,0.0,0.0,0.0,0.0
666018,Jonathan Aranda,6,0,0,0,0,1,0.0,0.0,0.0,0.0
814453,Nathan Archer,3,0,0,0,1,1,0.0,0.333,0.0,0.333
683301,Bryce Arnold,2,0,0,0,0,2,0.0,0.0,0.0,0.0
800345,Juan Baez,4,0,0,0,1,0,0.0,0.25,0.0,0.25
686960,Nate Baez,1,0,0,0,0,0,0.0,1.0,0.0,1.0
676480,José Barrero,2,0,0,0,0,1,0.0,0.0,0.0,0.0
677319,Cameron Barstad,0,0,0,0,0,0,0.0,0.0,0.0,0.0
663698,Joey Bart,5,0,0,0,0,4,0.0,0.0,0.0,0.0
694212,Samuel Basallo,5,0,0,0,1,3,0.0,0.2,0.0,0.2
820984,Israfell Bautista,2,0,0,0,0,0,0.0,0.0,0.0,0.0
605137,Josh Bell,5,0,0,0,1,0,0.0,0.2,0.0,0.2
829870,Freiker Betencourt,0,0,0,0,0,0,0.0,0.0,0.0,0.0
542194,Christian Bethancourt,1,0,0,0,1,0,0.0,1.0,0.0,1.0
624415,Cavan Biggio,3,0,0,1,0,2,0.0,0.0,0.0,0.0
836061,George Bilecki,0,0,0,0,0,0,0.0,0.0,0.0,0.0
701520,Bobby Blandford,1,0,0,0,0,1,0.0,0.0,0.0,0.0
669208,Ryan Bliss,2,0,0,0,0,0,0.0,0.0,0.0,0.0
690958,Drew Bowser,2,0,0,0,0,2,0.0,0.0,0.0,0.0
690961,Enrique Bradfield Jr.,3,0,0,0,1,1,0.0,0.5,0.0,0.5
695426,Spencer Bramwell,2,0,0,1,1,0,0.0,0.5,0.0,0.5
681146,Jonah Bride,0,0,0,0,0,0,0.0,0.0,0.0,0.0
672018,Dasan Brown,4,0,0,0,0,1,0.0,0.0,0.0,0.0
683454,Brayan Buelvas,1,0,0,0,0,0,0.0,0.0,0.0,0.0
689878,Colin Burgess,1,0,0,0,0,1,0.0,0.0,0.0,0.0
676475,Alec Burleson,3,0,0,0,0,0,0.0,0.0,0.0,0.0
595879,Javier Báez,3,0,0,0,1,1,0.0,0.333,0.0,0.333
686551,Christian Cairo,2,0,0,0,1,1,0.0,0.5,0.0,0.5
683357,Owen Caissie,3,0,0,0,1,1,0.0,0.333,0.0,0.333
687730,Caleb Cali,0,0,0,0,0,0,0.0,0.0,0.0,0.0
813842,Chase Call,1,0,0,0,0,1,0.0,0.0,0.0,0.0
672569,Gustavo Campero,4,0,0,0,0,2,0.0,0.0,0.0,0.0
592192,Mark Canha,2,0,0,0,0,2,0.0,0.0,0.0,0.0
668843,Conner Capel,1,0,0,0,0,0,0.0,0.0,0.0,0.0
681962,Vinny Capra,2,0,0,0,0,1,0.0,0.0,0.0,0.0
666185,Dylan Carlson,7,0,0,1,1,2,0.0,0.143,0.0,0.143
681481,Kerry Carpenter,7,0,0,0,0,1,0.0,0.143,0.0,0.143
682998,Corbin Carroll,5,0,0,0,0,2,0.0,0.0,0.0,0.0
694497,Evan Carter,5,0,0,0,1,2,0.0,0.2,0.0,0.2
676203,Marcos Castañon,1,0,0,0,0,0,0.0,0.0,0.0,0.0
592206,Nick Castellanos,2,0,0,0,0,1,0.0,0.0,0.0,0.0
691913,Jesus Castillo,1,0,0,0,0,0,0.0,0.0,0.0,0.0
699127,Luis Castillo,2,0,0,0,0,0,0.0,0.0,0.0,0.0
695508,Cameron Cauley,1,0,0,0,1,0,0.0,1.0,0.0,1.0
806958,Felnin Celesten,2,0,0,0,0,2,0.0,0.0,0.0,0.0
806980,Angel Cepeda,3,0,0,0,0,2,0.0,0.0,0.0,0.0
665953,Andrés Chaparro,3,0,0,0,1,0,0.0,0.333,0.0,0.333
656308,Michael Chavis,1,0,0,0,0,0,0.0,0.0,0.0,0.0
694192,Jackson Chourio,5,0,0,0,0,3,0.0,0.0,0.0,0.0
800712,Wallace Clark,3,0,0,0,0,0,0.0,0.0,0.0,0.0
691408,Maick Collado,2,0,0,0,0,0,0.0,0.0,0.0,0.0
683569,Jose Colmenares,0,0,0,0,0,0,0.0,0.0,0.0,0.0
686541,Drew Compton,1,0,0,0,1,0,0.0,1.0,0.0,1.0
691398,Yerlin Confidan,1,0,0,0,0,1,0.0,0.0,0.0,0.0
695462,Cal Conley,1,0,0,0,0,1,0.0,0.0,0.0,0.0
575929,Willson Contreras,7,0,0,0,0,2,0.0,0.0,0.0,0.0
682276,Jose Cordova,2,0,0,1,0,0,0.0,0.0,0.0,0.0
666126,Carlos Cortes,1,0,0,0,0,0,0.0,0.0,0.0,0.0
800432,Felix Cotes,1,0,0,0,0,1,0.0,0.0,0.0,0.0
702222,Justin Crawford,5,0,0,0,0,2,0.0,0.0,0.0,0.0
630105,Jake Cronenworth,4,0,0,0,0,0,0.0,0.25,0.0,0.25
688457,Gavin Cross,2,0,0,0,0,2,0.0,0.0,0.0,0.0
691718,Pete Crow-Armstrong,5,0,0,0,1,2,0.0,0.2,0.0,0.2
665833,Oneil Cruz,3,0,0,0,0,0,0.0,0.0,0.0,0.0
669360,Trei Cruz,3,0,0,0,0,1,0.0,0.0,0.0,0.0
806053,Dean Curley,3,0,0,0,0,2,0.0,0.0,0.0,0.0
703154,Yordany De Los Santos,1,0,0,0,0,0,0.0,0.0,0.0,0.0
808067,Branny De Oleo,1,0,0,0,0,1,0.0,0.0,0.0,0.0
676356,Jonny DeLuca,5,0,0,0,1,1,0.0,0.2,0.0,0.2
805062,Joan Delgado,2,0,0,0,0,0,0.0,0.0,0.0,0.0
691410,Jose Devers,1,0,0,0,0,0,0.0,0.0,0.0,0.0
702668,Korbyn Dickerson,2,0,0,0,0,0,0.0,0.0,0.0,0.0
701392,Marco Dinges,3,0,0,0,0,0,0.0,0.0,0.0,0.0
807267,JD Dix,2,0,0,0,0,0,0.0,0.5,0.0,0.5
823719,Ramiro Dominguez,1,0,0,0,0,0,0.0,0.0,0.0,0.0
699061,Rayne Doncon,1,0,0,0,0,1,0.0,0.0,0.0,0.0
677649,Ezequiel Duran,3,0,0,0,0,0,0.0,0.0,0.0,0.0
681987,Nate Eaton,4,0,0,0,1,2,0.0,0.25,0.0,0.25
694469,Bryce Eblin,1,0,0,0,0,0,0.0,0.0,0.0,0.0
701394,Zach Ehrhard,5,0,0,0,0,1,0.0,0.0,0.0,0.0
686499,Clark Elliott,4,0,0,0,1,1,0.0,0.75,0.0,0.75
703175,Freili Encarnacion,1,0,0,0,0,0,0.0,0.0,0.0,0.0
800169,Aroon Escobar,0,0,0,0,0,0,0.0,0.0,0.0,0.0
692371,Lizandro Espinoza,1,0,0,0,0,0,0.0,0.0,0.0,0.0
683546,Albert Fabian,1,0,0,0,0,0,0.0,0.0,0.0,0.0
682983,Jud Fabian,2,0,0,0,0,2,0.0,0.0,0.0,0.0
571657,Kyle Farmer,6,0,0,0,0,1,0.0,0.0,0.0,0.0
676439,Hunter Feduccia,5,0,0,0,0,3,0.0,0.0,0.0,0.0
692031,George Feliz,0,0,0,0,0,0,0.0,0.0,0.0,0.0
821112,Anderson Fermin,2,0,0,0,0,2,0.0,0.0,0.0,0.0
821171,Dauri Fernandez,2,0,0,0,1,0,0.0,0.5,0.0,0.5
821180,Ilan Fernandez,0,0,0,0,0,0,0.0,0.0,0.0,0.0
695634,Jaime Ferrer,1,0,0,0,0,1,0.0,0.0,0.0,0.0
815723,Jadyn Fielder,1,0,0,0,0,1,0.0,0.0,0.0,0.0
822624,Kevin Fitzer,0,0,0,0,0,0,0.0,0.0,0.0,0.0
807083,Nathan Flewelling,2,0,0,0,0,2,0.0,0.0,0.0,0.0
679822,Justin Foscue,2,0,0,0,0,1,0.0,0.0,0.0,0.0
821613,Luis Fragoza,1,0,0,0,0,1,0.0,0.0,0.0,0.0
664034,Ty France,2,0,0,0,0,0,0.0,0.0,0.0,0.0
681047,Christian Franklin,1,0,0,0,0,1,0.0,0.0,0.0,0.0
624428,Adam Frazier,7,0,0,0,3,0,0.0,0.429,0.0,0.429
605244,Aramis Garcia,3,0,0,0,0,2,0.0,0.0,0.0,0.0
672580,Maikel Garcia,5,0,0,0,1,2,0.0,0.2,0.0,0.2
666969,Adolis García,5,0,0,0,1,2,0.0,0.2,0.0,0.2
671277,Luis García Jr.,7,0,0,0,0,3,0.0,0.0,0.0,0.0
702025,Harry Genth,0,0,0,0,0,0,0.0,0.0,0.0,0.0
815394,Theo Gillen,2,0,0,0,1,0,0.0,0.5,0.0,0.5
694378,Jacob Gonzalez,2,0,0,0,0,0,0.0,0.0,0.0,0.0
800357,Ricardo Gonzalez,1,0,0,0,0,0,0.0,0.0,0.0,0.0
828685,Taitn Gray,2,0,0,0,0,2,0.0,0.0,0.0,0.0
806994,Luis Guanipa,1,0,0,0,0,0,0.0,0.0,0.0,0.0
806967,Brailer Guerrero,2,0,0,0,0,1,0.0,0.0,0.0,0.0
694206,Daniel Guilarte,1,0,0,0,1,0,0.0,1.0,0.0,1.0
802219,Woody Hadeen,0,0,0,0,0,0,0.0,0.0,0.0,0.0
664059,Sam Haggerty,3,0,0,0,0,0,0.0,0.0,0.0,0.0
671739,Michael Harris II,5,0,0,0,0,0,0.0,0.0,0.0,0.0
807080,Eric Hartman,1,0,0,0,0,0,0.0,0.0,0.0,0.0
815824,Josiah Hartshorn,3,0,0,0,1,1,0.0,0.333,0.0,0.333
669386,Trevor Hauver,0,0,0,0,0,0,0.0,0.0,0.0,0.0
595978,Austin Hedges,1,0,0,0,0,0,0.0,0.0,0.0,0.0
680737,Michael Helman,2,0,0,0,0,1,0.0,0.0,0.0,0.0
699712,Raylin Heredia,1,0,0,0,0,1,0.0,0.0,0.0,0.0
821075,Merphy Hernandez,2,0,0,0,0,0,0.0,0.0,0.0,0.0
683427,Omar Hernandez,1,0,0,1,0,0,0.0,0.0,0.0,0.0
829791,Miguel Hernández,1,0,0,0,1,0,0.0,1.0,0.0,1.0
671056,Iván Herrera,3,0,0,0,0,1,0.0,0.0,0.0,0.0
645444,Jose Herrera,1,0,0,0,0,0,0.0,0.0,0.0,0.0
821696,Kendrick Herrera,1,0,0,0,0,1,0.0,0.0,0.0,0.0
703191,Yilber Herrera,0,0,0,0,0,0,0.0,0.0,0.0,0.0
689414,Liam Hicks,3,0,0,0,0,0,0.0,0.0,0.0,0.0
656537,Derek Hill,3,0,0,0,2,1,0.0,0.667,0.0,0.667
677338,GJ Hill,2,0,0,0,0,0,0.0,0.0,0.0,0.0
802959,Max Holy,1,0,0,0,0,1,0.0,0.0,0.0,0.0
687462,Spencer Horwitz,2,0,0,0,1,0,0.0,0.5,0.0,0.5
806124,Colin Houck,0,0,0,0,0,0,0.0,0.0,0.0,0.0
805953,Anthony Huezo,1,0,0,0,0,1,0.0,0.0,0.0,0.0
680770,Chance Huff,0,0,0,0,0,0,0.0,0.0,0.0,0.0
669087,Sam Huff,0,0,0,0,0,0,0.0,0.0,0.0,0.0
814410,Jacob Humphrey,1,0,0,0,1,0,0.0,1.0,0.0,1.0
801537,Nathan Humphreys,2,0,0,0,0,2,0.0,0.0,0.0,0.0
628451,Andy Ibáñez,2,0,0,0,0,1,0.0,0.0,0.0,0.0
663697,Jonathan India,5,0,0,0,0,1,0.0,0.0,0.0,0.0
664728,Kyle Isbel,3,0,0,0,1,1,0.0,0.333,0.0,0.333
810838,Ryan Jackson,5,0,0,0,0,0,0.0,0.0,0.0,0.0
687553,Kamren James,1,0,0,0,0,0,0.0,0.0,0.0,0.0
643376,Danny Jansen,3,0,0,0,2,1,0.0,0.667,0.0,0.667
805347,Jim Jarvis,0,0,0,0,0,0,0.0,0.0,0.0,0.0
695600,Carter Jensen,4,0,0,0,1,1,0.0,0.25,0.0,0.25
800272,Manolfi Jimenez,2,0,0,0,0,1,0.0,0.0,0.0,0.0
656582,Connor Joe,3,0,0,0,0,1,0.0,0.0,0.0,0.0
669369,Bryce Johnson,3,0,0,1,1,1,0.0,0.333,0.0,0.333
677342,Brock Jones,1,0,0,0,1,0,0.0,1.0,0.0,1.0
803475,Colby Jones,1,0,0,0,1,0,0.0,1.0,0.0,1.0
675659,Greg Jones,2,0,0,0,0,2,0.0,0.0,0.0,0.0
673962,Josh Jung,5,0,0,0,0,0,0.0,0.2,0.0,0.2
663731,Connor Kaiser,1,0,0,0,0,1,0.0,0.0,0.0,0.0
687260,Brian Kalmer,2,0,0,0,0,0,0.0,0.0,0.0,0.0
680577,DaShawn Keirsey Jr.,3,0,0,0,0,1,0.0,0.0,0.0,0.0
805249,Otto Kemp,2,0,0,0,0,0,0.0,0.0,0.0,0.0
814522,Caden Kendle,2,0,0,0,1,0,0.0,0.5,0.0,0.5
684715,Nic Kent,3,0,0,0,0,0,0.0,0.0,0.0,0.0
823807,Kane Kepley,3,0,0,1,0,0,0.0,0.0,0.0,0.0
687201,Kevin Kilpatrick Jr.,3,0,0,0,0,0,0.0,0.0,0.0,0.0
643396,Isiah Kiner-Falefa,5,0,0,0,0,2,0.0,0.0,0.0,0.0
694808,Zach Kokoska,2,0,0,0,0,1,0.0,0.0,0.0,0.0
680757,Steven Kwan,8,0,0,0,4,2,0.0,0.5,0.0,0.5
669127,Shea Langeliers,3,0,0,0,1,1,0.0,0.333,0.0,0.333
672463,Rafael Lantigua,1,0,0,0,0,0,0.0,0.0,0.0,0.0
800325,Luis Lara,1,0,0,0,0,0,0.0,0.0,0.0,0.0
681526,Bryan Lavastida,2,0,0,0,1,0,0.0,0.5,0.0,0.5
829748,Hyun Seung Lee,1,0,0,0,1,0,0.0,1.0,0.0,1.0
686676,Korey Lee,1,0,0,0,0,1,0.0,0.0,0.0,0.0
815653,Tyson Lewis,2,0,0,0,0,1,0.0,0.0,0.0,0.0
827517,Kyle Lodise,1,0,0,0,0,0,0.0,0.0,0.0,0.0
805763,Drake Logan,3,0,0,0,0,1,0.0,0.0,0.0,0.0
701616,Caleb Lomavita,0,0,0,0,0,0,0.0,0.0,0.0,0.0
664040,Brandon Lowe,2,0,0,0,0,0,0.0,0.0,0.0,0.0
663993,Nathaniel Lowe,5,0,0,0,0,0,0.0,0.0,0.0,0.0
821164,Yaxson Lucena,0,0,0,0,0,0,0.0,0.0,0.0,0.0
813930,Ivan Luciano,2,0,0,0,0,1,0.0,0.0,0.0,0.0
664770,Nathan Lukes,2,0,0,0,1,1,0.0,0.5,0.0,0.5
666158,Gavin Lux,3,0,0,0,0,2,0.0,0.0,0.0,0.0
680862,Willie MacIver,0,0,0,0,0,0,0.0,0.0,0.0,0.0
592518,Manny Machado,5,0,0,0,0,1,0.0,0.0,0.0,0.0
702582,Dallas Macias,1,0,0,0,0,1,0.0,0.0,0.0,0.0
691183,Kevin Made,1,0,0,0,0,1,0.0,0.0,0.0,0.0
701062,Alec Makarewicz,1,0,0,0,0,0,0.0,0.0,0.0,0.0
665561,Rafael Marchán,2,0,0,0,0,2,0.0,0.0,0.0,0.0
687799,Cade Marlowe,4,0,0,0,1,1,0.0,0.25,0.0,0.25
606466,Ketel Marte,3,0,0,0,1,0,0.0,0.333,0.0,0.333
621006,Richie Martin Jr.,0,0,0,0,0,0,0.0,0.0,0.0,0.0
808273,Alfonzo Martinez,1,0,0,0,1,0,0.0,1.0,0.0,1.0
800371,Larry Martinez,1,0,0,0,0,0,0.0,0.0,0.0,0.0
694728,Brice Matthews,2,0,0,0,1,1,0.0,0.5,0.0,0.5
667240,Jason Matthews,3,0,0,0,2,1,0.0,0.667,0.0,0.667
691723,Coby Mayo,5,0,0,0,2,2,0.0,0.4,0.0,0.4
700178,Ryan McCoy,1,0,0,0,0,1,0.0,0.0,0.0,0.0
678093,Micah McDowell,0,0,0,0,0,0,0.0,0.0,0.0,0.0
827637,Dalton McIntyre,2,0,0,0,1,0,0.0,0.5,0.0,0.5
702463,Aaron McKeithan,2,0,0,0,0,1,0.0,0.5,0.0,0.5
680574,Matt McLain,3,0,0,0,1,1,0.0,0.333,0.0,0.333
808768,Ben McLaughlin,7,0,0,0,3,1,0.0,0.429,0.0,0.429
643446,Jeff McNeil,4,0,0,0,1,0,0.0,0.25,0.0,0.25
809861,Chase Meggers,0,0,0,0,0,0,0.0,0.0,0.0,0.0
828116,Gustavo Melendez,1,0,0,0,1,0,0.0,1.0,0.0,1.0
680636,Ramon Mendoza,2,0,0,0,0,1,0.0,0.0,0.0,0.0
608841,Joey Meneses,4,0,0,3,0,0,0.0,0.0,0.0,0.0
701538,Jackson Merrill,4,0,0,0,1,0,0.0,0.25,0.0,0.25
686452,Drew Millas,4,0,0,0,1,0,0.0,0.25,0.0,0.25
669304,Jose Miranda,1,0,0,0,0,0,0.0,1.0,0.0,1.0
808267,Jose Monzon,1,0,0,0,1,0,0.0,1.0,0.0,1.0
695612,Alex Mooney,1,0,0,0,0,1,0.0,0.0,0.0,0.0
690914,Brody Moore,1,0,0,0,0,1,0.0,0.0,0.0,0.0
664238,Dylan Moore,5,0,0,0,1,0,0.0,0.2,0.0,0.2
829716,Darell Morel,1,0,0,0,0,0,0.0,0.0,0.0,0.0
703563,PJ Morlando,1,0,0,0,0,1,0.0,0.0,0.0,0.0
801978,Callan Moss,0,0,0,0,0,0,0.0,0.0,0.0,0.0
656775,Cedric Mullins,5,0,0,0,3,1,0.0,0.6,0.0,0.6
808959,Munetaka Murakami,6,0,0,0,1,1,0.0,0.167,0.0,0.167
667472,Dane Myers,8,0,0,0,0,3,0.0,0.0,0.0,0.0
647304,Josh Naylor,2,0,0,0,0,1,0.0,0.0,0.0,0.0
621028,Kevin Newman,1,0,0,0,1,0,0.0,1.0,0.0,1.0
702461,Kay-Lan Nicasia,1,0,0,0,0,0,0.0,0.0,0.0,0.0
621512,Tomás Nido,3,0,0,0,0,0,0.0,0.0,0.0,0.0
815966,Irvin Nunez,0,0,0,0,0,0,0.0,0.0,0.0,0.0
624513,Dom Nuñez,4,0,0,0,2,1,0.0,0.5,0.0,0.5
656811,Ryan O'Hearn,6,0,0,0,0,1,0.0,0.0,0.0,0.0
815586,Joe Olsavsky,1,0,0,0,0,0,0.0,0.0,0.0,0.0
808571,D'Angelo Ortiz,2,0,0,0,0,0,0.0,0.0,0.0,0.0
680700,Richie Palacios,5,0,0,0,0,0,0.0,0.0,0.0,0.0
808285,Alberth Palma,1,0,0,0,0,0,0.0,0.0,0.0,0.0
681941,Jaylen Palmer,2,0,0,0,0,1,0.0,0.5,0.0,0.5
686469,Vinnie Pasquantino,4,0,0,0,0,0,0.0,0.0,0.0,0.0
688363,Graham Pauley,3,0,0,0,1,0,0.0,0.333,0.0,0.333
702555,Cannon Peebles,1,0,0,0,0,1,0.0,0.0,0.0,0.0
678894,Liover Peguero,2,0,0,0,0,1,0.0,0.0,0.0,0.0
672695,Geraldo Perdomo,4,0,0,0,2,0,0.0,0.5,0.0,0.5
677592,Everson Pereira,3,0,0,0,0,0,0.0,0.0,0.0,0.0
700321,Andy Perez,0,0,0,0,0,0,0.0,0.0,0.0,0.0
800266,Yordalin Peña,0,0,0,0,0,0,0.0,0.0,0.0,0.0
828084,Daniel Pierce,1,0,0,0,0,0,0.0,0.0,0.0,0.0
815904,Leonardo Pineda,1,0,0,0,0,1,0.0,0.0,0.0,0.0
593871,Jorge Polanco,3,0,0,1,0,0,0.0,0.0,0.0,0.0
694186,Shalin Polanco,1,0,0,0,0,0,0.0,0.0,0.0,0.0
702547,Caden Powell,1,0,0,0,0,1,0.0,0.0,0.0,0.0
650968,Yohel Pozo,1,0,0,0,0,0,0.0,0.0,0.0,0.0
806198,Cooper Pratt,2,0,0,0,0,1,0.0,0.0,0.0,0.0
691262,Reginald Preciado,2,0,0,0,1,0,0.0,0.5,0.0,0.5
700337,Edgar Quero,4,0,0,0,1,0,0.0,0.25,0.0,0.25
808234,Eduardo Quintero,4,0,0,0,0,3,0.0,0.0,0.0,0.0
682663,Agustín Ramírez,3,0,0,0,1,0,0.0,0.333,0.0,0.333
695596,Nick Raposo,1,0,0,0,0,0,0.0,0.0,0.0,0.0
670231,John Rave,2,0,0,0,0,0,0.0,0.0,0.0,0.0
608701,Rob Refsnyder,2,0,0,0,1,0,0.0,0.5,0.0,0.5
668804,Bryan Reynolds,2,0,0,0,0,0,0.0,0.0,0.0,0.0
811312,Justin Riemer,1,0,0,0,0,0,0.0,0.0,0.0,0.0
663586,Austin Riley,5,0,0,0,1,2,0.0,0.2,0.0,0.2
808298,Heriberto Rincon,1,0,0,0,0,1,0.0,0.0,0.0,0.0
691422,Kevin Rivas,1,0,0,0,1,0,0.0,1.0,0.0,1.0
660844,Leo Rivas,5,0,0,0,1,1,0.0,0.2,0.0,0.2
687069,Josh Rivera,1,0,0,0,1,0,0.0,1.0,0.0,1.0
665861,Sebastián Rivero,4,0,0,0,1,0,0.0,0.25,0.0,0.25
673357,Luis Robert Jr.,3,0,0,0,0,3,0.0,0.0,0.0,0.0
681134,Caleb Roberts,2,0,0,0,1,0,0.0,0.5,0.0,0.5
683770,Will Robertson,2,0,0,0,0,0,0.0,0.0,0.0,0.0
816384,Sam Robertson,0,0,0,0,0,0,0.0,0.0,0.0,0.0
801126,Brock Rodden,2,0,0,0,0,1,0.0,0.0,0.0,0.0
702176,Alan Roden,1,0,0,0,0,0,0.0,0.0,0.0,0.0
703641,Adrian Rodriguez,3,0,0,1,1,1,0.0,0.333,0.0,0.333
808233,Alfredo Rodriguez,1,0,0,0,0,0,0.0,0.0,0.0,0.0
829712,Gabriel Rodriguez,1,0,0,0,0,0,0.0,0.0,0.0,0.0
821657,Gabriel Rodriguez,1,0,0,0,0,0,0.0,0.0,0.0,0.0
677578,Carlos Rodríguez,0,0,0,0,0,0,0.0,0.0,0.0,0.0
699302,Héctor Rodríguez,2,0,0,0,0,1,0.0,0.0,0.0,0.0
668942,Josh Rojas,2,0,0,0,1,1,0.0,0.5,0.0,0.5
686912,Maxwell Romero Jr.,0,0,0,0,0,0,0.0,0.0,0.0,0.0
829997,Ricardo Romero,1,0,0,0,0,0,0.0,0.0,0.0,0.0
815874,Nick Roselli,1,0,0,0,0,1,0.0,0.0,0.0,0.0
696160,Jake Rucker,1,0,0,0,0,0,0.0,0.0,0.0,0.0
689822,Matt Rudick,1,0,0,0,0,1,0.0,0.0,0.0,0.0
815535,Eddie Rynders,1,0,0,0,1,0,0.0,1.0,0.0,1.0
806956,Ethan Salas,2,0,0,1,1,0,0.0,0.5,0.0,0.5
691191,Jose Salas,1,0,0,0,0,1,0.0,0.0,0.0,0.0
663967,César Salazar,1,0,0,0,1,0,0.0,1.0,0.0,1.0
692564,Johnfrank Salazar,0,0,0,0,0,0,0.0,0.0,0.0,0.0
800176,Carlos Sanchez,2,0,0,0,0,1,0.0,0.0,0.0,0.0
691594,Javier Sanoja,3,0,0,0,0,1,0.0,0.0,0.0,0.0
811948,Tony Santa Maria,1,0,0,0,0,0,0.0,0.0,0.0,0.0
467793,Carlos Santana,6,0,0,0,0,1,0.0,0.0,0.0,0.0
814411,Matt Scannell,1,0,0,0,0,0,0.0,1.0,0.0,1.0
694384,Nolan Schanuel,9,0,0,1,4,2,0.0,0.444,0.0,0.444
828395,Jason Schiavone,2,0,0,0,0,1,0.0,0.0,0.0,0.0
676914,Davis Schneider,2,0,0,0,0,2,0.0,0.0,0.0,0.0
543760,Marcus Semien,3,0,0,0,0,0,0.0,0.0,0.0,0.0
681400,Danny Serretti,1,0,0,0,0,1,0.0,0.0,0.0,0.0
661531,Brian Serven,2,0,0,0,0,0,0.0,0.0,0.0,0.0
686445,Sammy Siani,2,0,0,0,0,0,0.0,0.0,0.0,0.0
808137,Heribert Silva,2,0,0,0,0,0,0.0,0.0,0.0,0.0
820989,Kyle Sinzza,1,0,0,0,0,0,0.0,0.0,0.0,0.0
669701,Josh Smith,7,0,0,1,0,2,0.0,0.0,0.0,0.0
823550,Sung-Mun Song,2,0,0,0,1,1,0.0,0.5,0.0,0.5
688394,Jordan Sprinkle,1,0,0,0,0,1,0.0,0.0,0.0,0.0
694318,Austin St. Laurent,2,0,0,0,1,0,0.0,0.5,0.0,0.5
664702,Myles Straw,1,0,0,0,0,0,0.0,0.0,0.0,0.0
596117,Garrett Stubbs,1,0,0,0,0,1,0.0,0.0,0.0,0.0
804911,Brendan Summerhill,2,0,0,0,0,0,0.0,0.0,0.0,0.0
645305,Ali Sánchez,0,0,0,0,0,0,0.0,0.0,0.0,0.0
665487,Fernando Tatis Jr.,5,0,0,0,1,3,0.0,0.4,0.0,0.4
702522,Aiden Taurek,0,0,0,0,0,0,0.0,0.0,0.0,0.0
694222,Ambioris Tavarez,1,0,0,0,0,0,0.0,0.0,0.0,0.0
807511,Nelly Taylor,1,0,0,0,0,1,0.0,0.0,0.0,0.0
677588,José Tena,4,0,0,0,0,1,0.0,0.0,0.0,0.0
677950,Alek Thomas,4,0,0,0,0,1,0.0,0.0,0.0,0.0
657041,Lane Thomas,5,0,0,0,0,2,0.0,0.0,0.0,0.0
680899,Erik Tolman,0,0,0,0,0,0,0.0,0.0,0.0,0.0
681172,Tyler Tolve,0,0,0,0,0,0,0.0,0.0,0.0,0.0
679529,Spencer Torkelson,4,0,0,0,0,1,0.0,0.0,0.0,0.0
647351,Abraham Toro,2,0,0,0,1,1,0.0,0.5,0.0,0.5
681123,Luca Tresh,1,0,0,0,0,0,0.0,0.0,0.0,0.0
624431,Jose Trevino,3,0,0,0,0,0,0.0,0.0,0.0,0.0
807714,Carter Trice,2,0,0,0,0,1,0.0,0.0,0.0,0.0
669707,Jared Triolo,5,0,0,0,0,1,0.0,0.0,0.0,0.0
805964,Stanley Tucker,1,0,0,1,0,0,0.0,0.0,0.0,0.0
686683,Tevin Tucker,3,0,0,0,0,2,0.0,0.0,0.0,0.0
607208,Trea Turner,2,0,0,0,0,0,0.0,0.0,0.0,0.0
624523,Riley Unroe,2,0,0,0,0,1,0.0,0.0,0.0,0.0
688005,Francisco Urbaez,1,0,0,0,0,0,0.0,1.0,0.0,1.0
602104,Ramón Urías,4,0,0,0,1,1,0.0,0.25,0.0,0.25
678232,Jesus Valdez,5,0,0,0,1,2,0.0,0.2,0.0,0.2
806982,Esmil Valencia,1,0,0,0,0,0,0.0,0.0,0.0,0.0
691621,Jheremy Vargas,1,0,0,0,1,0,0.0,1.0,0.0,1.0
806959,Joendry Vargas,3,0,0,0,0,1,0.0,0.0,0.0,0.0
678246,Miguel Vargas,6,0,0,1,1,1,0.0,0.167,0.0,0.167
662139,Daulton Varsho,4,0,0,0,0,1,0.0,0.0,0.0,0.0
691938,Willy Vasquez,0,0,0,0,0,0,0.0,0.0,0.0,0.0
806252,Ralphy Velazquez,3,0,0,0,0,0,0.0,0.0,0.0,0.0
678962,Daniel Vellojin,3,0,0,0,0,1,0.0,0.0,0.0,0.0
698916,Rosman Verdugo,2,0,0,0,0,1,0.0,0.5,0.0,0.5
815299,Will Verdung,3,0,0,0,1,0,0.0,0.333,0.0,0.333
663837,Matt Vierling,3,0,0,0,1,0,0.0,0.333,0.0,0.333
692944,Kevin Villavicencio,1,0,0,0,0,0,0.0,0.0,0.0,0.0
678391,Jorbit Vivas,2,0,0,0,0,1,0.0,0.0,0.0,0.0
827765,Leonel Vivas,0,0,0,0,0,0,0.0,0.0,0.0,0.0
809844,Kien Vu,2,0,0,0,0,1,0.0,0.0,0.0,0.0
676679,Luis Vázquez,1,0,0,0,0,0,0.0,1.0,0.0,1.0
680672,Luke Waddell,0,0,0,0,0,0,0.0,0.0,0.0,0.0
676572,Eric Wagaman,1,0,0,0,0,1,0.0,0.0,0.0,0.0
622268,Donovan Walton,3,0,0,0,1,0,0.0,0.333,0.0,0.333
694310,Bryson Ware,0,0,0,0,0,0,0.0,0.0,0.0,0.0
690944,Curtis Washington Jr.,2,0,0,0,1,1,0.0,0.5,0.0,0.5
671221,Drew Waters,2,0,0,0,0,0,0.0,0.0,0.0,0.0
669224,Austin Wells,3,0,0,0,0,1,0.0,0.0,0.0,0.0
823918,Kyle West,1,0,0,0,0,0,0.0,0.0,0.0,0.0
802139,JJ Wetherholt,3,0,0,0,1,0,0.0,0.333,0.0,0.333
702517,Mason White,0,0,0,0,0,0,0.0,0.0,0.0,0.0
686894,Joey Wiemer,2,0,0,0,1,0,0.0,0.5,0.0,0.5
688875,Trace Willhoite,1,0,0,0,0,0,0.0,0.0,0.0,0.0
675961,Alika Williams,2,0,0,0,0,2,0.0,0.0,0.0,0.0
702518,Jett Williams,2,0,0,0,0,0,0.0,0.0,0.0,0.0
805779,Jacob Wilson,4,0,0,0,0,0,0.0,0.0,0.0,0.0
686523,Peyton Wilson,1,0,0,0,0,1,0.0,0.0,0.0,0.0
642215,Weston Wilson,2,0,0,0,0,1,0.0,0.0,0.0,0.0
669717,Will Wilson,1,0,0,0,1,0,0.0,1.0,0.0,1.0
691026,Masyn Winn,3,0,0,0,2,0,0.0,0.667,0.0,0.667
813400,Jack Winnay,1,0,0,0,0,1,0.0,0.0,0.0,0.0
677951,Bobby Witt Jr.,5,0,0,0,0,1,0.0,0.0,0.0,0.0
805804,George Wolkow,1,0,0,0,0,1,0.0,0.0,0.0,0.0
689688,Ethan Workinger,2,0,0,0,0,1,0.0,0.0,0.0,0.0
702284,Cole Young,4,0,0,0,0,0,0.0,0.0,0.0,0.0
696285,Jacob Young,6,0,0,0,1,2,0.0,0.167,0.0,0.167
800256,Natanael Yuten,1,0,0,0,0,0,0.0,0.0,0.0,0.0
701648,Aaron Zavala,0,0,0,0,0,0,0.0,0.0,0.0,0.0
694214,Samuel Zavala,1,0,0,0,0,1,0.0,0.0,0.0,0.0
