player_name,player_id,team,pa,batting_avg,hit,home_run,rbi,strikeout,walk,slg_percent,on_base_percent,on_base_plus_slg,woba,hard_hit_percent,k_percent,bb_percent
Andy Ibáñez,628451,Athletics,3.0,0.0,0.0,0.0,0.0,1.0,1.0,0.0,0.333,0.333,0.231,,,
Austin Wynns,642851,Athletics,2.0,0.0,0.0,0.0,0.0,0.0,0.0,0.0,0.0,0.0,,,,
Brent Rooker,667670,Athletics,13.0,0.077,1.0,0.0,1.0,8.0,0.0,0.077,0.077,0.154,0.099,,,
Carlos Cortes,666126,Athletics,3.0,0.0,0.0,0.0,0.0,1.0,0.0,0.0,0.0,0.0,0.0,,,
Darell Hernaiz,687231,Athletics,3.0,0.0,0.0,0.0,0.0,2.0,0.0,0.0,0.0,0.0,,,,
Denzel Clarke,672016,Athletics,9.0,0.111,1.0,0.0,1.0,6.0,0.0,0.111,0.111,0.222,0.127,,,
J.T. Ginn,669372,Athletics,0.0,0.0,0.0,0.0,0.0,0.0,0.0,0.0,0.0,0.0,,,,
Jacob Wilson,805779,Athletics,13.0,0.154,2.0,0.0,0.0,5.0,0.0,0.231,0.154,0.385,0.0,,,
Jeff McNeil,643446,Athletics,9.0,0.125,1.0,0.0,0.0,3.0,1.0,0.125,0.222,0.347,0.198,,,
Lawrence Butler,671732,Athletics,4.0,0.0,0.0,0.0,0.0,1.0,0.0,0.0,0.0,0.0,0.0,,,
Max Muncy,691777,Athletics,12.0,0.167,2.0,1.0,2.0,6.0,0.0,0.417,0.167,0.584,0.111,,,
Nick Kurtz,701762,Athletics,13.0,0.111,1.0,0.0,0.0,7.0,4.0,0.111,0.385,0.496,0.231,,,
Shea Langeliers,669127,Athletics,13.0,0.5,6.0,3.0,6.0,4.0,1.0,1.25,0.538,1.788,0.975,,,
Tyler Soderstrom,691016,Athletics,13.0,0.167,2.0,0.0,1.0,6.0,1.0,0.25,0.231,0.481,0.317,,,
Billy Cook,695257,Pittsburgh Pirates,0.0,0.0,0.0,0.0,0.0,0.0,0.0,0.0,0.0,0.0,,,,
Brandon Lowe,664040,Pittsburgh Pirates,14.0,0.417,5.0,3.0,4.0,1.0,2.0,1.25,0.5,1.75,0.566,,,
Bryan Reynolds,668804,Pittsburgh Pirates,15.0,0.214,3.0,0.0,1.0,7.0,1.0,0.214,0.267,0.481,0.336,,,
Henry Davis,680779,Pittsburgh Pirates,10.0,0.25,2.0,0.0,2.0,0.0,2.0,0.375,0.4,0.775,0.393,,,
Jake Mangum,663968,Pittsburgh Pirates,10.0,0.222,2.0,0.0,0.0,3.0,0.0,0.333,0.222,0.555,0.433,,,
Jared Triolo,669707,Pittsburgh Pirates,15.0,0.154,2.0,0.0,0.0,1.0,1.0,0.231,0.267,0.498,0.216,,,
Joey Bart,663698,Pittsburgh Pirates,3.0,0.333,1.0,0.0,0.0,1.0,0.0,0.333,0.333,0.666,0.297,,,
Marcell Ozuna,542303,Pittsburgh Pirates,10.0,0.111,1.0,0.0,0.0,1.0,1.0,0.111,0.2,0.311,0.158,,,
Nick Gonzales,693304,Pittsburgh Pirates,15.0,0.286,4.0,0.0,3.0,5.0,1.0,0.357,0.333,0.69,0.395,,,
Nick Yorke,694377,Pittsburgh Pirates,7.0,0.2,1.0,0.0,0.0,1.0,2.0,0.2,0.429,0.629,0.178,,,
Oneil Cruz,665833,Pittsburgh Pirates,11.0,0.2,2.0,0.0,0.0,6.0,1.0,0.2,0.273,0.473,0.148,,,
Ryan O'Hearn,656811,Pittsburgh Pirates,15.0,0.429,6.0,1.0,3.0,3.0,1.0,0.643,0.467,1.11,0.458,,,
Spencer Horwitz,687462,Pittsburgh Pirates,7.0,0.0,0.0,0.0,0.0,2.0,0.0,0.0,0.0,0.0,0.0,,,
Bryce Johnson,669369,San Diego Padres,0.0,0.0,0.0,0.0,0.0,0.0,0.0,0.0,0.0,0.0,,,,
Fernando Tatis Jr.,665487,San Diego Padres,12.0,0.182,2.0,0.0,1.0,3.0,1.0,0.182,0.25,0.432,,,,
Freddy Fermin,666023,San Diego Padres,7.0,0.167,1.0,0.0,0.0,2.0,1.0,0.167,0.286,0.453,0.226,,,
Gavin Sheets,657757,San Diego Padres,8.0,0.0,0.0,0.0,0.0,3.0,0.0,0.0,0.0,0.0,0.0,,,
Jackson Merrill,701538,San Diego Padres,12.0,0.182,2.0,0.0,1.0,3.0,1.0,0.273,0.25,0.523,0.238,,,
Jake Cronenworth,630105,San Diego Padres,12.0,0.273,3.0,0.0,0.0,3.0,1.0,0.273,0.333,0.606,0.28,,,
Luis Campusano,669134,San Diego Padres,3.0,0.0,0.0,0.0,0.0,3.0,0.0,0.0,0.0,0.0,0.0,,,
Manny Machado,592518,San Diego Padres,12.0,0.25,2.0,0.0,0.0,2.0,4.0,0.375,0.5,0.875,0.411,,,
Miguel Andujar,609280,San Diego Padres,8.0,0.143,1.0,0.0,1.0,1.0,1.0,0.143,0.25,0.393,0.198,,,
Nick Castellanos,592206,San Diego Padres,6.0,0.167,1.0,0.0,0.0,1.0,0.0,0.167,0.167,0.334,0.148,,,
Ramón Laureano,657656,San Diego Padres,12.0,0.417,5.0,1.0,2.0,2.0,0.0,0.75,0.417,1.167,0.504,,,
Ty France,664034,San Diego Padres,3.0,0.0,0.0,0.0,0.0,2.0,0.0,0.0,0.0,0.0,0.0,,,
Xander Bogaerts,593428,San Diego Padres,12.0,0.25,3.0,0.0,1.0,0.0,0.0,0.333,0.25,0.583,0.255,,,
Brendan Donovan,680977,Seattle Mariners,18.0,0.429,6.0,2.0,4.0,4.0,2.0,0.929,0.556,1.485,0.503,,,
Cal Raleigh,663728,Seattle Mariners,18.0,0.133,2.0,0.0,1.0,10.0,3.0,0.2,0.278,0.478,0.175,,,
Cole Young,702284,Seattle Mariners,15.0,0.214,3.0,1.0,3.0,7.0,1.0,0.5,0.267,0.767,0.307,,,
Dominic Canzone,686527,Seattle Mariners,12.0,0.3,3.0,2.0,2.0,0.0,1.0,1.0,0.417,1.417,0.612,,,
Josh Naylor,647304,Seattle Mariners,18.0,0.0,0.0,0.0,0.0,3.0,3.0,0.0,0.167,0.167,0.058,,,
Julio Rodríguez,677594,Seattle Mariners,18.0,0.067,1.0,0.0,1.0,6.0,3.0,0.067,0.222,0.289,0.175,,,
Leo Rivas,660844,Seattle Mariners,15.0,0.154,2.0,0.0,1.0,5.0,2.0,0.308,0.267,0.575,0.273,,,
Luke Raley,670042,Seattle Mariners,15.0,0.286,4.0,3.0,6.0,6.0,1.0,0.929,0.333,1.262,0.7,,,
Randy Arozarena,668227,Seattle Mariners,18.0,0.308,4.0,0.0,2.0,1.0,5.0,0.462,0.5,0.962,0.38,,,
Rob Refsnyder,608701,Seattle Mariners,2.0,0.0,0.0,0.0,0.0,0.0,0.0,0.0,0.0,0.0,0.0,,,
Ryan Bliss,669208,Seattle Mariners,2.0,0.0,0.0,0.0,0.0,2.0,0.0,0.0,0.0,0.0,0.0,,,
Victor Robles,645302,Seattle Mariners,3.0,0.667,2.0,0.0,1.0,0.0,0.0,1.0,0.667,1.667,0.721,,,
Casey Schmitt,669477,San Francisco Giants,10.0,0.0,0.0,0.0,0.0,2.0,0.0,0.0,0.1,0.1,0.072,,,
Harrison Bader,664056,San Francisco Giants,10.0,0.1,1.0,0.0,0.0,4.0,0.0,0.1,0.1,0.2,0.089,,,
Heliot Ramos,671218,San Francisco Giants,11.0,0.3,3.0,0.0,0.0,5.0,1.0,0.4,0.364,0.764,0.341,,,
Jared Oliva,666931,San Francisco Giants,0.0,0.0,0.0,0.0,0.0,0.0,0.0,0.0,0.0,0.0,,,,
Jung Hoo Lee,808982,San Francisco Giants,11.0,0.1,1.0,0.0,0.0,2.0,1.0,0.2,0.182,0.382,0.179,,,
Luis Arraez,650333,San Francisco Giants,12.0,0.273,3.0,0.0,0.0,1.0,1.0,0.273,0.333,0.606,0.28,,,
Matt Chapman,656305,San Francisco Giants,12.0,0.111,1.0,0.0,1.0,2.0,3.0,0.111,0.333,0.444,0.247,,,
Patrick Bailey,672275,San Francisco Giants,10.0,0.0,0.0,0.0,0.0,2.0,1.0,0.0,0.1,0.1,0.069,,,
Rafael Devers,646240,San Francisco Giants,12.0,0.25,3.0,0.0,0.0,4.0,0.0,0.333,0.25,0.583,0.255,,,
Willy Adames,642715,San Francisco Giants,11.0,0.091,1.0,0.0,0.0,5.0,0.0,0.091,0.091,0.182,0.081,,,
Alec Burleson,676475,St. Louis Cardinals,14.0,0.364,4.0,1.0,4.0,0.0,2.0,0.636,0.429,1.065,0.597,,,
Iván Herrera,671056,St. Louis Cardinals,14.0,0.077,1.0,0.0,2.0,1.0,0.0,0.154,0.071,0.225,0.142,,,
JJ Wetherholt,802139,St. Louis Cardinals,15.0,0.308,4.0,1.0,4.0,1.0,1.0,0.538,0.333,0.871,0.388,,,
Jordan Walker,691023,St. Louis Cardinals,12.0,0.4,4.0,1.0,3.0,1.0,2.0,0.9,0.5,1.4,0.332,,,
José Fermín,665877,St. Louis Cardinals,0.0,0.0,0.0,0.0,0.0,0.0,0.0,0.0,0.0,0.0,,,,
Masyn Winn,691026,St. Louis Cardinals,14.0,0.214,3.0,0.0,0.0,3.0,0.0,0.357,0.214,0.571,0.142,,,
Nathan Church,701675,St. Louis Cardinals,8.0,0.375,3.0,0.0,2.0,1.0,0.0,0.375,0.375,0.75,0.334,,,
Nolan Gorman,669357,St. Louis Cardinals,10.0,0.3,3.0,1.0,4.0,2.0,0.0,0.6,0.3,0.9,0.223,,,
Pedro Pagés,686780,St. Louis Cardinals,8.0,0.375,3.0,1.0,2.0,0.0,0.0,0.75,0.375,1.125,0.223,,,
Ramón Urías,602104,St. Louis Cardinals,6.0,0.167,1.0,0.0,0.0,3.0,0.0,0.333,0.167,0.5,0.318,,,
Thomas Saggese,695336,St. Louis Cardinals,4.0,0.0,0.0,0.0,0.0,1.0,1.0,0.0,0.25,0.25,,,,
Victor Scott II,687363,St. Louis Cardinals,12.0,0.5,5.0,0.0,0.0,3.0,0.0,0.5,0.5,1.0,,,,
Ben Williamson,810938,Tampa Bay Rays,9.0,0.556,5.0,0.0,1.0,0.0,0.0,0.556,0.556,1.112,0.445,,,
Carson Williams,700246,Tampa Bay Rays,14.0,0.25,3.0,0.0,3.0,3.0,1.0,0.333,0.308,0.641,0.198,,,
Cedric Mullins,656775,Tampa Bay Rays,15.0,0.071,1.0,0.0,2.0,2.0,0.0,0.143,0.067,0.21,0.0,,,
Chandler Simpson,802415,Tampa Bay Rays,12.0,0.455,5.0,0.0,1.0,1.0,1.0,0.455,0.5,0.955,0.382,,,
Hunter Feduccia,676439,Tampa Bay Rays,5.0,0.25,1.0,0.0,0.0,3.0,1.0,0.25,0.4,0.65,0.0,,,
Jake Fraley,641584,Tampa Bay Rays,6.0,0.167,1.0,0.0,0.0,2.0,0.0,0.167,0.167,0.334,0.148,,,
Jonathan Aranda,666018,Tampa Bay Rays,17.0,0.462,6.0,1.0,4.0,3.0,3.0,0.769,0.529,1.298,0.542,,,
Jonny DeLuca,676356,Tampa Bay Rays,9.0,0.444,4.0,0.0,3.0,0.0,0.0,0.556,0.444,1.0,0.445,,,
Junior Caminero,691406,Tampa Bay Rays,15.0,0.2,2.0,0.0,0.0,3.0,5.0,0.2,0.467,0.667,0.524,,,
Nick Fortes,663743,Tampa Bay Rays,9.0,0.5,4.0,0.0,2.0,0.0,1.0,0.5,0.556,1.056,0.594,,,
Richie Palacios,680700,Tampa Bay Rays,6.0,0.0,0.0,0.0,0.0,1.0,0.0,0.0,0.0,0.0,0.0,,,
Ryan Vilade,668723,Tampa Bay Rays,3.0,0.0,0.0,0.0,0.0,0.0,0.0,0.0,0.0,0.0,0.0,,,
Yandy Díaz,650490,Tampa Bay Rays,17.0,0.563,9.0,0.0,5.0,1.0,1.0,0.625,0.588,1.213,0.387,,,
Andrew McCutchen,457705,Texas Rangers,9.0,0.444,4.0,1.0,4.0,2.0,0.0,1.0,0.444,1.444,0.433,,,
Brandon Nimmo,607043,Texas Rangers,14.0,0.333,4.0,1.0,2.0,2.0,1.0,0.583,0.429,1.012,0.275,,,
Corey Seager,608369,Texas Rangers,14.0,0.364,4.0,1.0,2.0,4.0,2.0,0.636,0.429,1.065,0.607,,,
Danny Jansen,643376,Texas Rangers,8.0,0.125,1.0,0.0,1.0,3.0,0.0,0.125,0.125,0.25,0.111,,,
Evan Carter,694497,Texas Rangers,8.0,0.167,1.0,0.0,0.0,1.0,2.0,0.167,0.375,0.542,0.148,,,
Ezequiel Duran,677649,Texas Rangers,5.0,0.2,1.0,0.0,1.0,2.0,0.0,0.4,0.2,0.6,0.0,,,
Jake Burger,669394,Texas Rangers,13.0,0.462,6.0,2.0,4.0,7.0,0.0,0.923,0.462,1.385,0.764,,,
Joc Pederson,592626,Texas Rangers,3.0,0.0,0.0,0.0,0.0,0.0,1.0,0.0,0.333,0.333,0.231,,,
Josh Jung,673962,Texas Rangers,12.0,0.0,0.0,0.0,0.0,5.0,0.0,0.0,0.0,0.0,0.0,,,
Josh Smith,669701,Texas Rangers,8.0,0.143,1.0,0.0,0.0,2.0,1.0,0.143,0.25,0.393,0.198,,,
Kyle Higashioka,543309,Texas Rangers,5.0,0.4,2.0,0.0,1.0,0.0,0.0,0.4,0.4,0.8,0.891,,,
Sam Haggerty,664059,Texas Rangers,4.0,0.25,1.0,0.0,0.0,2.0,0.0,0.25,0.25,0.5,0.0,,,
Wyatt Langford,694671,Texas Rangers,14.0,0.071,1.0,0.0,0.0,4.0,0.0,0.071,0.071,0.142,0.099,,,
Addison Barger,680718,Toronto Blue Jays,11.0,0.0,0.0,0.0,2.0,3.0,2.0,0.0,0.182,0.182,0.099,,,
Alejandro Kirk,672386,Toronto Blue Jays,10.0,0.111,1.0,1.0,1.0,1.0,1.0,0.444,0.2,0.644,0.279,,,
Andrés Giménez,665926,Toronto Blue Jays,12.0,0.545,6.0,0.0,4.0,1.0,1.0,0.727,0.583,1.31,0.752,,,
Daulton Varsho,662139,Toronto Blue Jays,13.0,0.182,2.0,0.0,1.0,2.0,2.0,0.182,0.308,0.49,0.275,,,
Davis Schneider,676914,Toronto Blue Jays,3.0,0.0,0.0,0.0,0.0,1.0,0.0,0.0,0.0,0.0,0.0,,,
Ernie Clement,676391,Toronto Blue Jays,13.0,0.308,4.0,0.0,1.0,1.0,0.0,0.462,0.308,0.77,0.433,,,
George Springer,543807,Toronto Blue Jays,14.0,0.143,2.0,1.0,2.0,4.0,0.0,0.429,0.143,0.572,0.127,,,
Jesús Sánchez,660821,Toronto Blue Jays,7.0,0.4,2.0,1.0,3.0,0.0,1.0,1.0,0.571,1.571,0.538,,,
Kazuma Okamoto,672960,Toronto Blue Jays,14.0,0.333,4.0,1.0,1.0,4.0,2.0,0.583,0.429,1.012,0.406,,,
Myles Straw,664702,Toronto Blue Jays,2.0,0.5,1.0,0.0,0.0,0.0,0.0,0.5,0.5,1.0,0.445,,,
Nathan Lukes,664770,Toronto Blue Jays,4.0,0.0,0.0,0.0,0.0,0.0,1.0,0.0,0.25,0.25,0.173,,,
Tyler Heineman,623168,Toronto Blue Jays,3.0,0.5,1.0,0.0,0.0,0.0,1.0,0.5,0.667,1.167,,,,
Vladimir Guerrero Jr.,665489,Toronto Blue Jays,14.0,0.4,4.0,0.0,1.0,0.0,4.0,0.4,0.571,0.971,,,,
Austin Martin,668885,Minnesota Twins,4.0,0.25,1.0,0.0,0.0,1.0,0.0,0.25,0.25,0.5,0.297,,,
Brooks Lee,686797,Minnesota Twins,6.0,0.0,0.0,0.0,0.0,3.0,0.0,0.0,0.0,0.0,0.0,,,
Byron Buxton,621439,Minnesota Twins,13.0,0.333,4.0,0.0,0.0,4.0,1.0,0.583,0.385,0.968,0.425,,,
James Outman,681546,Minnesota Twins,3.0,0.0,0.0,0.0,0.0,0.0,1.0,0.0,0.333,0.333,0.0,,,
Josh Bell,605137,Minnesota Twins,13.0,0.222,2.0,0.0,1.0,5.0,2.0,0.444,0.385,0.829,0.087,,,
Kody Clemens,665019,Minnesota Twins,10.0,0.111,1.0,0.0,1.0,4.0,1.0,0.111,0.2,0.311,0.178,,,
Luke Keaschall,807712,Minnesota Twins,13.0,0.182,2.0,0.0,1.0,1.0,1.0,0.182,0.231,0.413,0.111,,,
Matt Wallner,670242,Minnesota Twins,13.0,0.1,1.0,0.0,0.0,5.0,3.0,0.1,0.308,0.408,0.26,,,
Royce Lewis,668904,Minnesota Twins,11.0,0.222,2.0,2.0,3.0,3.0,1.0,0.889,0.364,1.253,0.503,,,
Ryan Jeffers,680777,Minnesota Twins,8.0,0.143,1.0,0.0,0.0,3.0,1.0,0.143,0.25,0.393,0.198,,,
Trevor Larnach,663616,Minnesota Twins,6.0,0.4,2.0,0.0,1.0,1.0,1.0,0.6,0.5,1.1,0.173,,,
Tristan Gray,656484,Minnesota Twins,4.0,0.5,2.0,0.0,3.0,1.0,0.0,0.75,0.5,1.25,,,,
Victor Caratini,605170,Minnesota Twins,9.0,0.375,3.0,0.0,0.0,0.0,1.0,0.375,0.444,0.819,0.396,,,
Adolis García,666969,Philadelphia Phillies,12.0,0.091,1.0,0.0,2.0,5.0,0.0,0.182,0.083,0.265,0.159,,,
Alec Bohm,664761,Philadelphia Phillies,13.0,0.2,2.0,1.0,4.0,0.0,2.0,0.5,0.385,0.885,0.409,,,
Brandon Marsh,669016,Philadelphia Phillies,10.0,0.333,3.0,0.0,2.0,3.0,1.0,0.556,0.4,0.956,0.43,,,
Bryce Harper,547180,Philadelphia Phillies,13.0,0.091,1.0,0.0,1.0,3.0,2.0,0.091,0.231,0.322,0.099,,,
Bryson Stott,681082,Philadelphia Phillies,9.0,0.375,3.0,0.0,1.0,1.0,1.0,0.375,0.444,0.819,0.353,,,
Dylan Moore,664238,Philadelphia Phillies,1.0,0.0,0.0,0.0,0.0,0.0,1.0,0.0,1.0,1.0,,,,
Edmundo Sosa,624641,Philadelphia Phillies,3.0,0.0,0.0,0.0,0.0,1.0,1.0,0.0,0.333,0.333,0.693,,,
J.T. Realmuto,592663,Philadelphia Phillies,12.0,0.111,1.0,0.0,0.0,5.0,2.0,0.111,0.333,0.444,0.202,,,
Justin Crawford,702222,Philadelphia Phillies,10.0,0.333,3.0,0.0,0.0,3.0,1.0,0.333,0.4,0.733,0.353,,,
Kyle Schwarber,656941,Philadelphia Phillies,13.0,0.154,2.0,1.0,2.0,6.0,0.0,0.385,0.154,0.539,0.233,,,
Otto Kemp,805249,Philadelphia Phillies,3.0,0.0,0.0,0.0,0.0,1.0,0.0,0.0,0.333,0.333,0.725,,,
Trea Turner,607208,Philadelphia Phillies,14.0,0.154,2.0,0.0,0.0,3.0,1.0,0.154,0.214,0.368,0.198,,,
Austin Riley,663586,Atlanta Braves,12.0,0.364,4.0,0.0,0.0,3.0,1.0,0.364,0.417,0.781,0.532,,,
Dominic Smith,642086,Atlanta Braves,6.0,0.333,2.0,1.0,4.0,1.0,0.0,0.833,0.333,1.166,0.525,,,
Drake Baldwin,686948,Atlanta Braves,13.0,0.273,3.0,2.0,2.0,2.0,2.0,0.818,0.385,1.203,0.387,,,
Eli White,642201,Atlanta Braves,4.0,0.25,1.0,0.0,0.0,2.0,0.0,0.25,0.25,0.5,0.223,,,
Jonah Heim,641680,Atlanta Braves,4.0,0.0,0.0,0.0,0.0,0.0,2.0,0.0,0.5,0.5,0.346,,,
Jorge Mateo,622761,Atlanta Braves,3.0,0.0,0.0,0.0,0.0,1.0,0.0,0.0,0.0,0.0,,,,
Kyle Farmer,571657,Atlanta Braves,1.0,0.0,0.0,0.0,0.0,0.0,0.0,0.0,0.0,0.0,,,,
Matt Olson,621566,Atlanta Braves,12.0,0.25,3.0,0.0,0.0,6.0,0.0,0.333,0.25,0.583,0.382,,,
Mauricio Dubón,643289,Atlanta Braves,7.0,0.167,1.0,0.0,2.0,2.0,1.0,0.333,0.286,0.619,0.281,,,
Michael Harris II,671739,Atlanta Braves,11.0,0.364,4.0,1.0,3.0,2.0,0.0,0.636,0.364,1.0,,,,
Mike Yastrzemski,573262,Atlanta Braves,8.0,0.5,4.0,0.0,1.0,1.0,0.0,0.625,0.5,1.125,0.445,,,
Ozzie Albies,645277,Atlanta Braves,12.0,0.364,4.0,1.0,1.0,0.0,1.0,0.636,0.417,1.053,0.461,,,
Ronald Acuña Jr.,660670,Atlanta Braves,13.0,0.083,1.0,0.0,0.0,3.0,1.0,0.083,0.154,0.237,,,,
Andrew Benintendi,643217,Chicago White Sox,8.0,0.286,2.0,0.0,0.0,4.0,1.0,0.286,0.375,0.661,0.223,,,
Austin Hays,669720,Chicago White Sox,10.0,0.2,2.0,0.0,0.0,4.0,0.0,0.3,0.2,0.5,0.361,,,
Chase Meidroth,805367,Chicago White Sox,13.0,0.3,3.0,1.0,1.0,3.0,3.0,0.7,0.462,1.162,0.706,,,
Colson Montgomery,695657,Chicago White Sox,12.0,0.3,3.0,1.0,5.0,4.0,2.0,0.6,0.417,1.017,0.198,,,
Derek Hill,656537,Chicago White Sox,1.0,0.0,0.0,0.0,0.0,1.0,0.0,0.0,0.0,0.0,0.0,,,
Edgar Quero,700337,Chicago White Sox,8.0,0.0,0.0,0.0,0.0,4.0,0.0,0.0,0.0,0.0,0.0,,,
Everson Pereira,677592,Chicago White Sox,11.0,0.2,2.0,1.0,1.0,5.0,1.0,0.5,0.273,0.773,0.099,,,
Lenyn Sosa,672820,Chicago White Sox,6.0,0.0,0.0,0.0,0.0,3.0,0.0,0.0,0.0,0.0,0.0,,,
Luisangel Acuña,682668,Chicago White Sox,7.0,0.143,1.0,0.0,0.0,0.0,0.0,0.143,0.143,0.286,0.127,,,
Miguel Vargas,678246,Chicago White Sox,11.0,0.222,2.0,0.0,0.0,5.0,2.0,0.222,0.364,0.586,0.231,,,
Munetaka Murakami,808959,Chicago White Sox,13.0,0.333,3.0,3.0,3.0,4.0,4.0,1.333,0.538,1.871,0.785,,,
Reese McGuire,624512,Chicago White Sox,4.0,0.0,0.0,0.0,0.0,3.0,0.0,0.0,0.0,0.0,0.0,,,
Tristan Peters,671976,Chicago White Sox,7.0,0.333,2.0,0.0,0.0,3.0,1.0,0.5,0.429,0.929,0.425,,,
Agustín Ramírez,682663,Miami Marlins,12.0,0.25,2.0,0.0,0.0,1.0,4.0,0.25,0.5,0.75,0.396,,,
Austin Slater,596103,Miami Marlins,6.0,0.0,0.0,0.0,1.0,2.0,0.0,0.0,0.0,0.0,0.0,,,
Connor Norby,681393,Miami Marlins,12.0,0.25,2.0,0.0,0.0,2.0,1.0,0.375,0.5,0.875,0.452,,,
Deyvison De Los Santos,691277,Miami Marlins,2.0,0.5,1.0,0.0,0.0,0.0,0.0,1.0,0.5,1.5,,,,
Graham Pauley,688363,Miami Marlins,4.0,0.25,1.0,0.0,0.0,2.0,0.0,0.25,0.25,0.5,0.223,,,
Griffin Conine,665052,Miami Marlins,5.0,0.2,1.0,0.0,0.0,1.0,0.0,0.2,0.2,0.4,0.178,,,
Heriberto Hernández,681715,Miami Marlins,8.0,0.0,0.0,0.0,0.0,1.0,1.0,0.0,0.125,0.125,0.0,,,
Jakob Marsee,805300,Miami Marlins,12.0,0.091,1.0,0.0,0.0,5.0,1.0,0.182,0.167,0.349,0.159,,,
Javier Sanoja,691594,Miami Marlins,7.0,0.714,5.0,0.0,1.0,1.0,0.0,0.857,0.714,1.571,0.891,,,
Liam Hicks,689414,Miami Marlins,6.0,0.25,1.0,1.0,3.0,0.0,0.0,1.0,0.333,1.333,0.706,,,
Otto Lopez,672640,Miami Marlins,12.0,0.273,3.0,0.0,1.0,1.0,1.0,0.364,0.333,0.697,0.198,,,
Owen Caissie,683357,Miami Marlins,10.0,0.5,5.0,1.0,4.0,2.0,0.0,1.0,0.5,1.5,0.541,,,
Xavier Edwards,669364,Miami Marlins,12.0,0.364,4.0,0.0,0.0,1.0,0.0,0.364,0.364,0.728,0.223,,,
Aaron Judge,592450,New York Yankees,13.0,0.154,2.0,2.0,3.0,7.0,0.0,0.615,0.154,0.769,0.323,,,
Amed Rosario,642708,New York Yankees,2.0,0.0,0.0,0.0,0.0,0.0,0.0,0.0,0.0,0.0,0.0,,,
Austin Wells,669224,New York Yankees,11.0,0.2,2.0,0.0,0.0,3.0,1.0,0.2,0.273,0.473,0.225,,,
Ben Rice,700250,New York Yankees,9.0,0.25,2.0,0.0,2.0,3.0,1.0,0.375,0.333,0.708,0.317,,,
Cody Bellinger,641355,New York Yankees,13.0,0.364,4.0,0.0,0.0,2.0,2.0,0.545,0.462,1.007,0.437,,,
Giancarlo Stanton,519317,New York Yankees,12.0,0.5,6.0,1.0,2.0,3.0,0.0,0.75,0.5,1.25,0.546,,,
Jazz Chisholm Jr.,665862,New York Yankees,12.0,0.182,2.0,0.0,0.0,4.0,0.0,0.182,0.25,0.432,,,,
José Caballero,676609,New York Yankees,12.0,0.25,3.0,0.0,1.0,3.0,0.0,0.25,0.25,0.5,0.223,,,
Paul Goldschmidt,502671,New York Yankees,5.0,0.2,1.0,0.0,0.0,0.0,0.0,0.4,0.2,0.6,0.255,,,
Randal Grichuk,545341,New York Yankees,2.0,0.0,0.0,0.0,0.0,0.0,0.0,0.0,0.0,0.0,0.0,,,
Ryan McMahon,641857,New York Yankees,10.0,0.125,1.0,0.0,2.0,3.0,2.0,0.125,0.3,0.425,0.228,,,
Trent Grisham,663757,New York Yankees,11.0,0.222,2.0,0.0,2.0,1.0,2.0,0.444,0.364,0.808,0.354,,,
Andrew Vaughn,683734,Milwaukee Brewers,4.0,0.25,1.0,0.0,1.0,0.0,0.0,0.25,0.25,0.5,0.223,,,
Blake Perkins,663368,Milwaukee Brewers,5.0,0.25,1.0,0.0,0.0,0.0,1.0,0.5,0.4,0.9,0.0,,,
Brandon Lockridge,663604,Milwaukee Brewers,9.0,0.375,3.0,0.0,2.0,2.0,1.0,0.375,0.444,0.819,0.317,,,
Brice Turang,668930,Milwaukee Brewers,15.0,0.429,6.0,0.0,1.0,3.0,1.0,0.643,0.467,1.11,0.63,,,
Christian Yelich,592885,Milwaukee Brewers,11.0,0.6,6.0,1.0,5.0,2.0,1.0,0.9,0.636,1.536,0.515,,,
David Hamilton,666152,Milwaukee Brewers,9.0,0.25,1.0,0.0,1.0,0.0,4.0,0.25,0.625,0.875,0.458,,,
Garrett Mitchell,669003,Milwaukee Brewers,9.0,0.4,2.0,0.0,3.0,1.0,3.0,0.4,0.625,1.025,0.482,,,
Gary Sánchez,596142,Milwaukee Brewers,4.0,0.5,2.0,1.0,2.0,2.0,0.0,1.25,0.5,1.75,,,,
Jake Bauers,641343,Milwaukee Brewers,12.0,0.25,3.0,1.0,3.0,5.0,0.0,0.5,0.25,0.75,0.388,,,
Jeferson Quero,691620,Milwaukee Brewers,2.0,0.0,0.0,0.0,0.0,0.0,1.0,0.0,0.5,0.5,,,,
Joey Ortiz,687401,Milwaukee Brewers,12.0,0.455,5.0,0.0,3.0,4.0,1.0,0.455,0.5,0.955,0.509,,,
Luis Rengifo,650859,Milwaukee Brewers,7.0,0.167,1.0,0.0,2.0,0.0,1.0,0.167,0.286,0.453,0.0,,,
Sal Frelick,686217,Milwaukee Brewers,14.0,0.2,2.0,1.0,2.0,3.0,4.0,0.6,0.429,1.029,0.387,,,
Trevor Megill,656730,Milwaukee Brewers,0.0,0.0,0.0,0.0,0.0,0.0,0.0,0.0,0.0,0.0,,,,
William Contreras,661388,Milwaukee Brewers,15.0,0.182,2.0,0.0,3.0,2.0,4.0,0.364,0.4,0.764,0.295,,,
Adam Frazier,624428,Los Angeles Angels,4.0,0.0,0.0,0.0,0.0,1.0,1.0,0.0,0.25,0.25,,,,
Bryce Teodosio,669326,Los Angeles Angels,1.0,0.0,0.0,0.0,0.0,0.0,0.0,0.0,0.0,0.0,0.0,,,
Jeimer Candelario,600869,Los Angeles Angels,1.0,0.0,0.0,0.0,0.0,0.0,0.0,0.0,0.0,0.0,,,,
Jo Adell,666176,Los Angeles Angels,18.0,0.313,5.0,0.0,1.0,2.0,1.0,0.313,0.389,0.702,0.292,,,
Jorge Soler,624585,Los Angeles Angels,20.0,0.188,3.0,1.0,5.0,8.0,4.0,0.438,0.35,0.788,0.384,,,
Josh Lowe,666139,Los Angeles Angels,16.0,0.133,2.0,1.0,3.0,9.0,1.0,0.4,0.188,0.588,0.339,,,
Logan O'Hoppe,681351,Los Angeles Angels,12.0,0.273,3.0,0.0,0.0,5.0,0.0,0.273,0.333,0.606,0.283,,,
Mike Trout,545361,Los Angeles Angels,20.0,0.462,6.0,2.0,3.0,3.0,7.0,0.923,0.65,1.573,0.735,,,
Nolan Schanuel,694384,Los Angeles Angels,20.0,0.313,5.0,2.0,5.0,4.0,4.0,0.688,0.45,1.138,0.491,,,
Oswald Peraza,672724,Los Angeles Angels,12.0,0.364,4.0,1.0,2.0,5.0,1.0,0.636,0.417,1.053,0.455,,,
Travis d'Arnaud,518595,Los Angeles Angels,3.0,0.333,1.0,0.0,0.0,2.0,0.0,0.667,0.333,1.0,,,,
Yoán Moncada,660162,Los Angeles Angels,19.0,0.071,1.0,0.0,0.0,4.0,4.0,0.071,0.316,0.387,0.264,,,
Zach Neto,687263,Los Angeles Angels,20.0,0.2,3.0,2.0,3.0,3.0,5.0,0.667,0.4,1.067,0.317,,,
Alek Thomas,677950,Arizona Diamondbacks,11.0,0.2,2.0,0.0,3.0,2.0,1.0,0.4,0.273,0.673,0.295,,,
Carlos Santana,467793,Arizona Diamondbacks,10.0,0.111,1.0,0.0,0.0,3.0,1.0,0.222,0.2,0.422,0.197,,,
Corbin Carroll,682998,Arizona Diamondbacks,12.0,0.182,2.0,0.0,1.0,2.0,0.0,0.182,0.167,0.349,0.148,,,
Gabriel Moreno,672515,Arizona Diamondbacks,8.0,0.25,2.0,0.0,0.0,1.0,0.0,0.25,0.25,0.5,0.223,,,
Geraldo Perdomo,672695,Arizona Diamondbacks,12.0,0.333,4.0,1.0,2.0,2.0,0.0,0.667,0.333,1.0,0.43,,,
James McCann,543510,Arizona Diamondbacks,3.0,0.0,0.0,0.0,0.0,2.0,0.0,0.0,0.0,0.0,0.0,,,
Jordan Lawlar,691783,Arizona Diamondbacks,7.0,0.143,1.0,0.0,0.0,3.0,0.0,0.286,0.143,0.429,0.182,,,
Jorge Barrosa,678489,Arizona Diamondbacks,3.0,0.333,1.0,0.0,0.0,2.0,0.0,0.667,0.333,1.0,0.425,,,
Ketel Marte,606466,Arizona Diamondbacks,13.0,0.25,3.0,1.0,1.0,2.0,1.0,0.5,0.308,0.808,0.352,,,
Nolan Arenado,571448,Arizona Diamondbacks,11.0,0.091,1.0,0.0,0.0,5.0,0.0,0.091,0.091,0.182,0.081,,,
Pavin Smith,656976,Arizona Diamondbacks,8.0,0.167,1.0,0.0,1.0,2.0,2.0,0.167,0.375,0.542,0.284,,,
Tim Tawa,694374,Arizona Diamondbacks,3.0,0.333,1.0,0.0,0.0,1.0,0.0,0.333,0.333,0.666,0.297,,,
Adley Rutschman,668939,Baltimore Orioles,9.0,0.429,3.0,0.0,1.0,1.0,2.0,0.714,0.556,1.27,0.444,,,
Blaze Alexander,677942,Baltimore Orioles,4.0,0.5,2.0,0.0,1.0,1.0,0.0,0.5,0.5,1.0,0.297,,,
Coby Mayo,691723,Baltimore Orioles,11.0,0.222,2.0,0.0,1.0,2.0,2.0,0.333,0.364,0.697,0.198,,,
Colton Cowser,681297,Baltimore Orioles,5.0,0.25,1.0,0.0,1.0,2.0,0.0,0.5,0.2,0.7,0.255,,,
Dylan Beavers,687637,Baltimore Orioles,6.0,0.167,1.0,0.0,2.0,1.0,0.0,0.333,0.167,0.5,0.0,,,
Gunnar Henderson,683002,Baltimore Orioles,14.0,0.083,1.0,0.0,0.0,6.0,1.0,0.083,0.214,0.297,0.081,,,
Jeremiah Jackson,669236,Baltimore Orioles,7.0,0.429,3.0,0.0,1.0,3.0,0.0,0.429,0.429,0.858,0.445,,,
Leody Taveras,665750,Baltimore Orioles,1.0,0.0,0.0,0.0,0.0,1.0,0.0,0.0,0.0,0.0,0.0,,,
Pete Alonso,624413,Baltimore Orioles,13.0,0.273,3.0,0.0,1.0,4.0,2.0,0.273,0.385,0.658,0.176,,,
Ryan Mountcastle,663624,Baltimore Orioles,4.0,0.25,1.0,0.0,0.0,0.0,0.0,0.25,0.25,0.5,0.891,,,
Samuel Basallo,694212,Baltimore Orioles,12.0,0.2,2.0,0.0,0.0,4.0,2.0,0.2,0.333,0.533,0.198,,,
Taylor Ward,621493,Baltimore Orioles,14.0,0.091,1.0,0.0,0.0,3.0,3.0,0.091,0.286,0.377,0.154,,,
Tyler O'Neill,641933,Baltimore Orioles,9.0,0.286,2.0,1.0,3.0,1.0,2.0,0.714,0.444,1.158,0.317,,,
Andruw Monasterio,655316,Boston Red Sox,2.0,0.5,1.0,0.0,0.0,0.0,0.0,1.0,0.5,1.5,,,,
Caleb Durbin,702332,Boston Red Sox,13.0,0.0,0.0,0.0,0.0,3.0,1.0,0.0,0.077,0.077,0.077,,,
Carlos Narváez,665966,Boston Red Sox,7.0,0.5,3.0,0.0,0.0,1.0,0.0,0.5,0.5,1.0,0.445,,,
Ceddanne Rafaela,678882,Boston Red Sox,10.0,0.3,3.0,0.0,1.0,1.0,0.0,0.3,0.3,0.6,0.297,,,
Connor Wong,657136,Boston Red Sox,4.0,0.5,2.0,0.0,0.0,1.0,0.0,0.75,0.5,1.25,0.0,,,
Isiah Kiner-Falefa,643396,Boston Red Sox,2.0,0.0,0.0,0.0,0.0,1.0,0.0,0.0,0.0,0.0,0.0,,,
Jarren Duran,680776,Boston Red Sox,14.0,0.2,2.0,0.0,1.0,2.0,3.0,0.2,0.429,0.629,0.32,,,
Marcelo Mayer,691785,Boston Red Sox,9.0,0.333,3.0,0.0,0.0,4.0,0.0,0.556,0.333,0.889,0.491,,,
Masataka Yoshida,807799,Boston Red Sox,5.0,0.0,0.0,0.0,0.0,0.0,3.0,0.0,0.6,0.6,0.693,,,
Roman Anthony,701350,Boston Red Sox,16.0,0.308,4.0,0.0,1.0,5.0,3.0,0.308,0.438,0.746,0.45,,,
Trevor Story,596115,Boston Red Sox,16.0,0.125,2.0,1.0,2.0,7.0,0.0,0.313,0.125,0.438,0.272,,,
Willson Contreras,575929,Boston Red Sox,14.0,0.111,1.0,0.0,0.0,3.0,4.0,0.111,0.429,0.54,0.28,,,
Wilyer Abreu,677800,Boston Red Sox,13.0,0.462,6.0,2.0,4.0,1.0,0.0,1.077,0.462,1.539,0.474,,,
Alex Bregman,608324,Chicago Cubs,14.0,0.231,3.0,2.0,2.0,2.0,1.0,0.692,0.286,0.978,0.158,,,
Carson Kelly,608348,Chicago Cubs,9.0,0.143,1.0,0.0,1.0,1.0,2.0,0.143,0.333,0.476,0.455,,,
Dansby Swanson,621020,Chicago Cubs,11.0,0.0,0.0,0.0,1.0,2.0,3.0,0.0,0.273,0.273,0.26,,,
Ian Happ,664023,Chicago Cubs,14.0,0.231,3.0,2.0,4.0,6.0,1.0,0.692,0.286,0.978,0.299,,,
Matt Shaw,807713,Chicago Cubs,7.0,0.167,1.0,0.0,1.0,1.0,0.0,0.167,0.143,0.31,0.127,,,
Michael Busch,683737,Chicago Cubs,14.0,0.333,4.0,0.0,1.0,2.0,2.0,0.5,0.429,0.929,0.571,,,
Michael Conforto,624424,Chicago Cubs,4.0,0.0,0.0,0.0,0.0,2.0,1.0,0.0,0.25,0.25,0.0,,,
Miguel Amaya,665804,Chicago Cubs,4.0,0.5,2.0,1.0,2.0,1.0,0.0,1.25,0.5,1.75,0.748,,,
Moisés Ballesteros,694208,Chicago Cubs,11.0,0.1,1.0,0.0,0.0,4.0,1.0,0.1,0.182,0.282,0.226,,,
Nico Hoerner,663538,Chicago Cubs,13.0,0.182,2.0,0.0,1.0,2.0,2.0,0.273,0.308,0.581,0.295,,,
Pete Crow-Armstrong,691718,Chicago Cubs,14.0,0.308,4.0,0.0,2.0,3.0,1.0,0.308,0.357,0.665,0.426,,,
Dane Myers,667472,Cincinnati Reds,5.0,0.4,2.0,0.0,1.0,0.0,0.0,0.4,0.4,0.8,0.445,,,
Elly De La Cruz,682829,Cincinnati Reds,14.0,0.167,2.0,1.0,1.0,7.0,2.0,0.417,0.286,0.703,,,,
Eugenio Suárez,553993,Cincinnati Reds,13.0,0.167,2.0,1.0,4.0,5.0,1.0,0.417,0.231,0.648,0.099,,,
Jose Trevino,624431,Cincinnati Reds,5.0,0.0,0.0,0.0,0.0,2.0,0.0,0.0,0.0,0.0,0.0,,,
Ke'Bryan Hayes,663647,Cincinnati Reds,7.0,0.0,0.0,0.0,0.0,0.0,0.0,0.0,0.0,0.0,0.0,,,
Matt McLain,680574,Cincinnati Reds,14.0,0.4,4.0,0.0,1.0,2.0,4.0,0.5,0.571,1.071,0.513,,,
Nathaniel Lowe,663993,Cincinnati Reds,1.0,0.0,0.0,0.0,0.0,0.0,0.0,0.0,0.0,0.0,0.0,,,
Noelvi Marte,682622,Cincinnati Reds,6.0,0.0,0.0,0.0,0.0,4.0,0.0,0.0,0.0,0.0,0.0,,,
Sal Stewart,701398,Cincinnati Reds,13.0,0.7,7.0,1.0,2.0,0.0,3.0,1.3,0.769,2.069,0.791,,,
Spencer Steer,668715,Cincinnati Reds,13.0,0.091,1.0,0.0,0.0,4.0,2.0,0.091,0.231,0.322,0.154,,,
TJ Friedl,670770,Cincinnati Reds,14.0,0.143,2.0,0.0,0.0,6.0,0.0,0.143,0.143,0.286,0.089,,,
Tyler Stephenson,663886,Cincinnati Reds,7.0,0.0,0.0,0.0,0.0,1.0,1.0,0.0,0.143,0.143,0.173,,,
Will Benson,666181,Cincinnati Reds,5.0,0.25,1.0,0.0,0.0,2.0,1.0,0.25,0.4,0.65,0.317,,,
Angel Martínez,682657,Cleveland Guardians,7.0,0.143,1.0,0.0,0.0,4.0,0.0,0.286,0.143,0.429,0.212,,,
Bo Naylor,666310,Cleveland Guardians,12.0,0.091,1.0,0.0,0.0,4.0,1.0,0.091,0.167,0.258,0.176,,,
Brayan Rocchio,677587,Cleveland Guardians,14.0,0.2,2.0,0.0,2.0,1.0,2.0,0.3,0.429,0.729,0.454,,,
CJ Kayfus,692216,Cleveland Guardians,11.0,0.0,0.0,0.0,0.0,4.0,2.0,0.0,0.273,0.273,0.173,,,
Chase DeLauter,800050,Cleveland Guardians,17.0,0.353,6.0,4.0,5.0,6.0,0.0,1.059,0.353,1.412,0.664,,,
Daniel Schneemann,682177,Cleveland Guardians,9.0,0.222,2.0,0.0,0.0,2.0,0.0,0.333,0.222,0.555,0.212,,,
David Fry,681807,Cleveland Guardians,6.0,0.333,2.0,0.0,0.0,3.0,0.0,0.5,0.333,0.833,0.433,,,
Gabriel Arias,672356,Cleveland Guardians,10.0,0.1,1.0,0.0,0.0,5.0,0.0,0.1,0.1,0.2,0.127,,,
José Ramírez,608070,Cleveland Guardians,17.0,0.125,2.0,0.0,3.0,4.0,1.0,0.25,0.176,0.426,0.182,,,
Kyle Manzardo,700932,Cleveland Guardians,17.0,0.125,2.0,0.0,1.0,10.0,1.0,0.125,0.176,0.301,0.177,,,
Rhys Hoskins,656555,Cleveland Guardians,8.0,0.5,3.0,0.0,0.0,2.0,2.0,0.667,0.625,1.292,0.555,,,
Steven Kwan,680757,Cleveland Guardians,17.0,0.235,4.0,0.0,1.0,2.0,0.0,0.235,0.235,0.47,0.254,,,
Braxton Fulford,690924,Colorado Rockies,2.0,0.0,0.0,0.0,0.0,2.0,0.0,0.0,0.0,0.0,0.0,,,
Brenton Doyle,686668,Colorado Rockies,12.0,0.0,0.0,0.0,0.0,2.0,1.0,0.0,0.083,0.083,0.087,,,
Brett Sullivan,664954,Colorado Rockies,3.0,0.0,0.0,0.0,0.0,0.0,0.0,0.0,0.0,0.0,,,,
Edouard Julien,666397,Colorado Rockies,5.0,0.2,1.0,0.0,0.0,2.0,0.0,0.4,0.2,0.6,0.255,,,
Ezequiel Tovar,678662,Colorado Rockies,12.0,0.25,3.0,1.0,2.0,4.0,0.0,0.5,0.25,0.75,0.374,,,
Hunter Goodman,696100,Colorado Rockies,12.0,0.333,4.0,0.0,0.0,2.0,0.0,0.333,0.333,0.666,0.334,,,
Jake McCarthy,664983,Colorado Rockies,12.0,0.091,1.0,0.0,0.0,4.0,0.0,0.091,0.167,0.258,0.127,,,
Jordan Beck,687597,Colorado Rockies,8.0,0.286,2.0,0.0,4.0,2.0,1.0,0.429,0.375,0.804,0.396,,,
Kyle Karros,691720,Colorado Rockies,10.0,0.3,3.0,0.0,0.0,2.0,0.0,0.4,0.3,0.7,0.148,,,
Ryan Ritter,690022,Colorado Rockies,2.0,0.0,0.0,0.0,0.0,2.0,0.0,0.0,0.0,0.0,0.0,,,
TJ Rumfield,681198,Colorado Rockies,11.0,0.222,2.0,1.0,1.0,3.0,2.0,0.556,0.364,0.92,0.461,,,
Troy Johnston,687859,Colorado Rockies,4.0,0.25,1.0,0.0,0.0,2.0,0.0,0.25,0.25,0.5,0.297,,,
Willi Castro,650489,Colorado Rockies,12.0,0.182,2.0,0.0,0.0,3.0,1.0,0.273,0.25,0.523,0.111,,,
Colt Keith,690993,Detroit Tigers,11.0,0.444,4.0,0.0,0.0,2.0,2.0,0.556,0.545,1.101,0.485,,,
Dillon Dingler,693307,Detroit Tigers,10.0,0.333,3.0,1.0,4.0,2.0,0.0,0.667,0.4,1.067,0.461,,,
Gleyber Torres,650402,Detroit Tigers,14.0,0.222,2.0,0.0,0.0,3.0,5.0,0.222,0.5,0.722,0.375,,,
Jahmai Jones,663330,Detroit Tigers,2.0,0.0,0.0,0.0,0.0,0.0,0.0,0.0,0.0,0.0,0.0,,,
Jake Rogers,668670,Detroit Tigers,3.0,0.0,0.0,0.0,0.0,1.0,0.0,0.0,0.0,0.0,0.0,,,
Javier Báez,595879,Detroit Tigers,8.0,0.143,1.0,0.0,0.0,2.0,1.0,0.143,0.25,0.393,0.198,,,
Kerry Carpenter,681481,Detroit Tigers,13.0,0.0,0.0,0.0,0.0,6.0,2.0,0.0,0.154,0.154,0.107,,,
Kevin McGonigle,805808,Detroit Tigers,13.0,0.417,5.0,0.0,4.0,3.0,1.0,0.583,0.462,1.045,0.455,,,
Matt Vierling,663837,Detroit Tigers,5.0,0.0,0.0,0.0,0.0,2.0,0.0,0.0,0.0,0.0,0.0,,,
Parker Meadows,678009,Detroit Tigers,6.0,0.2,1.0,0.0,2.0,2.0,1.0,0.2,0.333,0.533,0.264,,,
Riley Greene,682985,Detroit Tigers,14.0,0.083,1.0,0.0,1.0,3.0,2.0,0.083,0.214,0.297,0.163,,,
Spencer Torkelson,679529,Detroit Tigers,13.0,0.182,2.0,0.0,2.0,5.0,2.0,0.182,0.308,0.49,0.244,,,
Zach McKinstry,656716,Detroit Tigers,4.0,0.25,1.0,0.0,0.0,1.0,0.0,0.25,0.25,0.5,0.223,,,
Brice Matthews,694728,Houston Astros,5.0,0.2,1.0,0.0,0.0,4.0,0.0,0.4,0.2,0.6,0.255,,,
Cam Smith,701358,Houston Astros,17.0,0.077,1.0,0.0,0.0,5.0,3.0,0.077,0.294,0.371,0.175,,,
Carlos Correa,621043,Houston Astros,18.0,0.25,4.0,0.0,2.0,2.0,2.0,0.25,0.333,0.583,0.327,,,
Christian Vázquez,543877,Houston Astros,4.0,0.5,1.0,0.0,2.0,0.0,1.0,0.5,0.667,1.167,,,,
Christian Walker,572233,Houston Astros,16.0,0.308,4.0,0.0,3.0,1.0,3.0,0.538,0.438,0.976,0.402,,,
Isaac Paredes,670623,Houston Astros,18.0,0.188,3.0,0.0,4.0,5.0,2.0,0.375,0.278,0.653,0.205,,,
Jake Meyers,676694,Houston Astros,9.0,0.25,2.0,0.0,2.0,2.0,1.0,0.375,0.333,0.708,0.317,,,
Jeremy Peña,665161,Houston Astros,10.0,0.2,2.0,0.0,0.0,2.0,0.0,0.2,0.2,0.4,0.356,,,
Joey Loperfido,694388,Houston Astros,12.0,0.333,4.0,0.0,0.0,3.0,0.0,0.5,0.333,0.833,0.436,,,
Jose Altuve,514888,Houston Astros,18.0,0.231,3.0,0.0,1.0,4.0,5.0,0.308,0.444,0.752,0.297,,,
Nick Allen,669397,Houston Astros,1.0,0.0,0.0,0.0,0.0,1.0,0.0,0.0,0.0,0.0,0.0,,,
Yainer Diaz,673237,Houston Astros,13.0,0.167,2.0,0.0,2.0,5.0,1.0,0.167,0.231,0.398,0.19,,,
Yordan Alvarez,670541,Houston Astros,19.0,0.308,4.0,1.0,2.0,3.0,5.0,0.615,0.526,1.141,0.416,,,
Bobby Witt Jr.,677951,Kansas City Royals,12.0,0.364,4.0,0.0,1.0,2.0,1.0,0.364,0.417,0.781,,,,
Carlos Estévez,608032,Kansas City Royals,0.0,0.0,0.0,0.0,0.0,0.0,0.0,0.0,0.0,0.0,,,,
Carter Jensen,695600,Kansas City Royals,10.0,0.125,1.0,1.0,2.0,4.0,1.0,0.5,0.2,0.7,0.115,,,
Isaac Collins,686555,Kansas City Royals,7.0,0.0,0.0,0.0,0.0,2.0,1.0,0.0,0.143,0.143,0.099,,,
Jac Caglianone,695506,Kansas City Royals,8.0,0.286,2.0,0.0,0.0,2.0,1.0,0.429,0.375,0.804,0.541,,,
Jonathan India,663697,Kansas City Royals,8.0,0.0,0.0,0.0,0.0,3.0,1.0,0.0,0.125,0.125,0.087,,,
Kyle Isbel,664728,Kansas City Royals,7.0,0.286,2.0,0.0,0.0,2.0,0.0,0.286,0.286,0.572,0.297,,,
Lane Thomas,657041,Kansas City Royals,9.0,0.125,1.0,0.0,0.0,4.0,1.0,0.125,0.222,0.347,0.317,,,
Maikel Garcia,672580,Kansas City Royals,13.0,0.2,2.0,0.0,0.0,1.0,3.0,0.2,0.385,0.585,0.284,,,
Nick Loftin,679845,Kansas City Royals,4.0,0.25,1.0,0.0,0.0,0.0,0.0,0.5,0.25,0.75,,,,
Salvador Perez,521692,Kansas City Royals,12.0,0.167,2.0,1.0,1.0,1.0,0.0,0.417,0.167,0.584,0.374,,,
Starling Marte,516782,Kansas City Royals,3.0,0.0,0.0,0.0,0.0,1.0,0.0,0.0,0.0,0.0,0.0,,,
Tyler Tolbert,686475,Kansas City Royals,1.0,0.0,0.0,0.0,0.0,1.0,0.0,0.0,0.0,0.0,0.0,,,
Vinnie Pasquantino,686469,Kansas City Royals,12.0,0.182,2.0,0.0,2.0,1.0,0.0,0.182,0.25,0.432,0.091,,,
Alex Freeland,690976,Los Angeles Dodgers,4.0,0.5,2.0,1.0,1.0,0.0,0.0,1.5,0.5,2.0,0.844,,,
Andy Pages,681624,Los Angeles Dodgers,10.0,0.2,2.0,1.0,3.0,1.0,0.0,0.5,0.2,0.7,0.299,,,
Freddie Freeman,518692,Los Angeles Dodgers,13.0,0.25,3.0,0.0,1.0,0.0,1.0,0.333,0.308,0.641,0.288,,,
Kyle Tucker,663656,Los Angeles Dodgers,13.0,0.182,2.0,0.0,2.0,4.0,2.0,0.273,0.308,0.581,0.273,,,
Max Muncy,571970,Los Angeles Dodgers,8.0,0.2,1.0,0.0,0.0,2.0,3.0,0.2,0.5,0.7,0.371,,,
Miguel Rojas,500743,Los Angeles Dodgers,6.0,0.5,3.0,0.0,0.0,1.0,0.0,0.5,0.5,1.0,0.445,,,
Mookie Betts,605141,Los Angeles Dodgers,13.0,0.182,2.0,1.0,4.0,1.0,1.0,0.455,0.308,0.763,0.339,,,
Santiago Espinal,669289,Los Angeles Dodgers,2.0,0.0,0.0,0.0,0.0,1.0,0.0,0.0,0.0,0.0,0.0,,,
Shohei Ohtani,660271,Los Angeles Dodgers,13.0,0.125,1.0,0.0,0.0,1.0,4.0,0.125,0.462,0.587,0.337,,,
Teoscar Hernández,606192,Los Angeles Dodgers,10.0,0.1,1.0,0.0,0.0,3.0,0.0,0.1,0.1,0.2,0.089,,,
Will Smith,669257,Los Angeles Dodgers,11.0,0.273,3.0,2.0,5.0,1.0,0.0,0.818,0.273,1.091,0.463,,,
Andrés Chaparro,665953,Washington Nationals,7.0,0.333,2.0,0.0,0.0,2.0,1.0,0.5,0.429,0.929,0.714,,,
Brady House,691781,Washington Nationals,14.0,0.308,4.0,1.0,2.0,5.0,1.0,0.538,0.357,0.895,0.409,,,
CJ Abrams,682928,Washington Nationals,8.0,0.143,1.0,0.0,2.0,3.0,0.0,0.143,0.25,0.393,0.223,,,
Daylen Lile,695734,Washington Nationals,14.0,0.333,4.0,0.0,1.0,3.0,2.0,0.417,0.429,0.846,0.275,,,
Drew Millas,686452,Washington Nationals,4.0,0.0,0.0,0.0,0.0,1.0,1.0,0.0,0.25,0.25,0.173,,,
Jacob Young,696285,Washington Nationals,11.0,0.182,2.0,1.0,2.0,2.0,0.0,0.545,0.182,0.727,0.3,,,
James Wood,695578,Washington Nationals,14.0,0.077,1.0,1.0,1.0,7.0,1.0,0.308,0.143,0.451,0.233,,,
Joey Wiemer,686894,Washington Nationals,8.0,1.0,6.0,2.0,4.0,0.0,2.0,2.333,1.0,3.333,1.144,,,
Jorbit Vivas,678391,Washington Nationals,3.0,0.0,0.0,0.0,0.0,0.0,0.0,0.0,0.0,0.0,0.0,,,
José Tena,677588,Washington Nationals,2.0,0.0,0.0,0.0,0.0,0.0,0.0,0.0,0.0,0.0,0.0,,,
Keibert Ruiz,660688,Washington Nationals,8.0,0.286,2.0,1.0,3.0,1.0,0.0,0.714,0.25,0.964,0.223,,,
Luis García Jr.,671277,Washington Nationals,8.0,0.25,2.0,0.0,0.0,0.0,0.0,0.25,0.25,0.5,,,,
Nasim Nuñez,683083,Washington Nationals,11.0,0.222,2.0,0.0,2.0,3.0,1.0,0.222,0.364,0.586,0.33,,,
Bo Bichette,666182,New York Mets,15.0,0.071,1.0,0.0,1.0,8.0,0.0,0.071,0.067,0.138,0.089,,,
Brett Baty,683146,New York Mets,13.0,0.308,4.0,0.0,3.0,5.0,0.0,0.462,0.308,0.77,0.279,,,
Carson Benge,701807,New York Mets,12.0,0.1,1.0,1.0,1.0,5.0,2.0,0.4,0.25,0.65,0.436,,,
Francisco Alvarez,682626,New York Mets,8.0,0.333,2.0,1.0,1.0,1.0,1.0,0.833,0.5,1.333,0.551,,,
Francisco Lindor,596019,New York Mets,15.0,0.182,2.0,0.0,0.0,3.0,4.0,0.364,0.4,0.764,0.208,,,
Jared Young,676724,New York Mets,1.0,0.0,0.0,0.0,0.0,1.0,0.0,0.0,0.0,0.0,,,,
Jorge Polanco,593871,New York Mets,15.0,0.1,1.0,0.0,1.0,2.0,5.0,0.1,0.4,0.5,0.435,,,
Juan Soto,665742,New York Mets,15.0,0.357,5.0,0.0,3.0,3.0,1.0,0.429,0.4,0.829,0.336,,,
Luis Robert Jr.,673357,New York Mets,14.0,0.455,5.0,1.0,5.0,2.0,3.0,0.727,0.571,1.298,,,,
Luis Torrens,620443,New York Mets,4.0,0.5,2.0,0.0,1.0,1.0,0.0,0.5,0.5,1.0,0.891,,,
Marcus Semien,543760,New York Mets,13.0,0.182,2.0,0.0,2.0,3.0,0.0,0.273,0.231,0.504,0.321,,,
Mark Vientos,668901,New York Mets,1.0,1.0,1.0,0.0,0.0,0.0,0.0,1.0,1.0,2.0,0.891,,,
Tyrone Taylor,621438,New York Mets,0.0,0.0,0.0,0.0,0.0,0.0,0.0,0.0,0.0,0.0,,,,
