player_id,player_name,plateAppearances,hits,homeRuns,rbi,baseOnBalls,strikeOuts,avg,obp,slg,ops
695481,Jay Allen II,1,1,0,0,0,0,1.0,1.0,1.0,2.0
825159,Yunior Amparo,1,1,0,0,0,0,1.0,1.0,1.0,2.0
702995,Antonio Anderson,3,3,0,1,0,0,1.0,1.0,1.333,2.333
821782,Andreimi Antunez,2,2,0,0,0,0,1.0,1.0,1.0,2.0
686793,J.T. Arruda,1,1,0,0,0,0,1.0,1.0,1.0,2.0
699229,Alexander Benua,1,1,0,2,0,0,1.0,1.0,2.0,3.0
829939,Jhorman Bravo,1,1,0,0,0,0,1.0,1.0,1.0,2.0
694848,Sam Brown,1,1,0,0,0,0,1.0,1.0,2.0,3.0
806965,Starlyn Caba,1,1,0,0,0,0,1.0,1.0,1.0,2.0
829040,Juan Cabada,1,1,0,0,0,0,1.0,1.0,1.0,2.0
683341,David Calabrese,2,2,1,3,0,0,1.0,1.0,2.5,3.5
691775,Ryan Clifford,1,1,0,0,0,0,1.0,1.0,1.0,2.0
834582,Jack Collins,1,1,0,0,0,0,1.0,1.0,2.0,3.0
804645,Caden Connor,1,1,0,0,0,0,1.0,1.0,1.0,2.0
808116,Pedro Dalmagro,1,1,0,0,0,0,1.0,1.0,1.0,2.0
641511,Jason Delay,6,5,2,2,1,0,1.0,1.0,2.4,3.4
702652,Andrew Fischer,1,1,0,1,0,0,1.0,1.0,2.0,3.0
687272,Tucker Flint,3,2,0,0,1,0,1.0,1.0,1.0,2.0
804466,Carter Garate,1,1,0,1,0,0,1.0,1.0,1.0,2.0
671272,David García,1,1,0,0,0,0,1.0,1.0,1.0,2.0
822501,Jon Jon Gazdar,1,1,0,0,0,0,1.0,1.0,1.0,2.0
680753,Adam Hackenberg,1,1,0,0,0,0,1.0,1.0,1.0,2.0
801561,Matt Halbach,1,1,0,2,0,0,1.0,1.0,1.0,2.0
803385,Jay Harry,1,1,0,1,0,0,1.0,1.0,3.0,4.0
698933,Ronald Hernandez,1,1,0,1,0,0,1.0,1.0,1.0,2.0
680740,Kyle Hess,1,1,0,0,0,0,1.0,1.0,1.0,2.0
824615,Connor Hujsak,1,1,0,2,0,0,1.0,1.0,2.0,3.0
800060,Xavier Isaac,2,2,0,0,0,0,1.0,1.0,1.0,2.0
805365,Isaiah Jackson,1,1,0,1,0,0,1.0,1.0,2.0,3.0
687543,Andrew Jenkins,1,1,0,1,0,0,1.0,1.0,1.0,2.0
691588,Ian Lewis Jr.,1,1,0,2,0,0,1.0,1.0,2.0,3.0
700681,Nick Lorusso,2,1,0,1,1,0,1.0,1.0,1.0,2.0
800029,Modeifi Marte,1,1,0,1,0,0,1.0,1.0,3.0,4.0
682003,Garrett Martin,3,3,2,4,0,0,1.0,1.0,3.0,4.0
695573,Cole Mathis,1,1,0,0,0,0,1.0,1.0,1.0,2.0
694812,Tyler McDonough,4,2,0,0,1,0,1.0,1.0,1.0,2.0
676063,Shane McGuire,1,1,1,2,0,0,1.0,1.0,4.0,5.0
702331,Noah Mendlinger,1,1,0,0,0,0,1.0,1.0,1.0,2.0
815089,Coby Morales,2,2,0,2,0,0,1.0,1.0,1.0,2.0
835614,Brady O'Brien,2,2,0,1,0,0,1.0,1.0,1.0,2.0
803172,Griff O'Ferrall,3,2,0,0,1,0,1.0,1.0,1.5,2.5
691627,Ricardo Olivar,1,1,0,1,0,0,1.0,1.0,2.0,3.0
694953,C.J. Pittaro,2,1,0,0,1,0,1.0,1.0,1.0,2.0
685712,Geovanny Planchart,1,1,0,0,0,0,1.0,1.0,2.0,3.0
800208,Axiel Plaz,1,1,0,1,0,0,1.0,1.0,1.0,2.0
828824,Josiah Ragsdale,1,1,0,0,0,0,1.0,1.0,1.0,2.0
800254,Abrahan Ramirez,1,1,0,0,0,0,1.0,1.0,1.0,2.0
813429,Lucas Ramirez,2,2,0,2,0,0,1.0,1.0,2.0,3.0
815927,Jose Ramos,2,1,0,1,1,0,1.0,1.0,1.0,2.0
687981,John Rhodes,2,1,0,0,1,0,1.0,1.0,1.0,2.0
691922,Javier Rivas,1,1,0,0,0,0,1.0,1.0,2.0,3.0
699232,Anderdson Rojas,1,1,0,2,0,0,1.0,1.0,1.0,2.0
829035,Andrew Salas,2,2,0,0,0,0,1.0,1.0,1.0,2.0
800615,Luke Scherrer,1,1,0,0,0,0,1.0,1.0,2.0,3.0
702278,Nolan Schubart,3,2,1,3,1,0,1.0,1.0,3.0,4.0
669699,Braden Shewmake,1,1,1,1,0,0,1.0,1.0,4.0,5.0
694266,D'Andre Smith,2,2,0,2,0,0,1.0,1.0,1.5,2.5
667663,Hunter Stovall,3,2,0,2,0,0,1.0,0.667,1.0,1.667
699027,José Suárez,4,3,0,0,1,0,1.0,1.0,1.333,2.333
805126,Charlie Szykowny,4,3,1,1,1,0,1.0,1.0,2.0,3.0
681172,Tyler Tolve,1,1,1,1,0,0,1.0,1.0,4.0,5.0
694478,Michael Turner,1,1,0,0,0,0,1.0,1.0,1.0,2.0
677605,Luis Verdugo,1,1,0,0,0,0,1.0,1.0,2.0,3.0
695078,Jean Walters,2,2,0,1,0,0,1.0,1.0,1.5,2.5
803723,Jordan Yost,1,1,1,4,0,0,1.0,1.0,4.0,5.0
701648,Aaron Zavala,4,1,0,0,3,0,1.0,1.0,1.0,2.0
668885,Austin Martin,12,6,0,0,3,1,0.75,0.833,0.75,1.583
703673,Kasen Wells,4,3,0,0,0,0,0.75,0.75,0.75,1.5
669439,Drew Swift,7,5,1,5,0,0,0.714,0.714,1.429,2.143
807643,Alfredo Alcantara,4,2,1,1,1,0,0.667,0.75,2.0,2.75
814188,Jayson Bass,3,2,0,1,0,0,0.667,0.667,1.0,1.667
806869,Pedro Catuy,4,2,0,2,1,1,0.667,0.75,1.0,1.75
694410,LuJames Groover,4,2,1,3,1,1,0.667,0.75,1.667,2.417
694203,Denzer Guzman,3,2,1,1,0,0,0.667,0.667,2.0,2.667
692238,Parks Harber,3,2,0,0,0,0,0.667,0.667,1.0,1.667
669386,Trevor Hauver,3,2,1,4,0,0,0.667,0.667,2.0,2.667
668876,Zach Humphreys,3,2,1,3,0,1,0.667,0.667,1.667,2.334
813883,Ryan Ignoffo,3,2,1,1,0,0,0.667,0.667,1.667,2.334
702265,Paxton Kling,3,2,0,0,0,1,0.667,0.667,0.667,1.334
814528,Sam Kulasingam,3,2,0,0,0,0,0.667,0.667,0.667,1.334
701727,Bryce Martin-Grudzielanek,3,2,0,0,0,1,0.667,0.667,0.667,1.334
807747,Rikuu Nishida,4,2,0,0,1,0,0.667,0.75,0.667,1.417
801938,Avery Owusu-Asiedu,4,2,0,0,1,1,0.667,0.75,0.667,1.417
825927,Rafe Perich,3,2,0,1,0,0,0.667,0.667,0.667,1.334
694222,Ambioris Tavarez,6,4,0,2,0,1,0.667,0.667,0.667,1.334
687066,Eric Yang,3,2,0,2,0,1,0.667,0.667,0.667,1.334
608324,Alex Bregman,10,6,3,4,0,2,0.6,0.6,1.7,2.3
699115,Carlos Jorge,5,3,0,1,0,1,0.6,0.6,1.4,2.0
676566,Shawn Ross,5,3,1,1,0,1,0.6,0.6,1.4,2.0
689041,Rhylan Thomas,14,6,0,3,3,1,0.6,0.643,0.8,1.443
683021,Michael Stefanic,19,10,1,4,2,0,0.588,0.632,1.0,1.632
521692,Salvador Perez,7,4,2,3,0,1,0.571,0.571,1.571,2.142
663897,Luke Williams,10,4,0,1,2,0,0.571,0.6,0.714,1.314
801194,Max Anderson,9,5,1,4,0,3,0.556,0.556,1.0,1.556
665489,Vladimir Guerrero Jr.,10,5,1,3,1,1,0.556,0.6,1.0,1.6
642201,Eli White,14,6,2,3,1,3,0.545,0.643,1.091,1.734
815888,Leo De Vries,14,7,1,5,1,1,0.538,0.571,1.0,1.571
800050,Chase DeLauter,23,10,2,6,4,3,0.526,0.609,1.0,1.609
815304,Josh Adamczewski,3,1,0,2,1,1,0.5,0.667,0.5,1.167
692657,Omar Alfonzo,3,1,0,0,1,0,0.5,0.667,0.5,1.167
827294,Edgar Alvarez,4,2,0,0,0,1,0.5,0.5,0.5,1.0
676070,Jacob Amaya,18,8,1,5,2,5,0.5,0.556,0.688,1.244
803011,Sam Antonacci,8,3,0,1,2,0,0.5,0.625,0.667,1.292
702869,Jose Aular,3,1,0,1,1,1,0.5,0.667,0.5,1.167
702720,RJ Austin,2,1,0,1,0,0,0.5,0.5,1.0,1.5
678225,Ji Hwan Bae,2,1,0,0,0,1,0.5,0.5,0.5,1.0
671117,Darren Baker,4,2,0,1,0,0,0.5,0.5,0.5,1.0
605131,Austin Barnes,2,1,0,0,0,0,0.5,0.5,0.5,1.0
703520,Brett Bateman,3,1,0,0,0,0,0.5,0.667,0.5,1.167
700164,Bryant Betancourt,8,4,1,6,0,0,0.5,0.5,1.125,1.625
666386,Archer Brookman,2,1,0,0,0,0,0.5,0.5,1.0,1.5
694939,Marcus Brown,3,1,0,0,1,1,0.5,0.667,0.5,1.167
669233,Tony Bullard,2,1,0,0,0,0,0.5,0.5,0.5,1.0
668843,Conner Capel,5,2,0,0,1,1,0.5,0.6,0.5,1.1
691268,Yiddi Cappe,2,1,0,2,0,0,0.5,0.5,0.5,1.0
681433,Noah Cardenas,5,2,0,0,1,1,0.5,0.6,0.75,1.35
814261,Carlos Caro,2,1,0,0,0,1,0.5,0.5,0.5,1.0
691398,Yerlin Confidan,6,3,0,2,0,2,0.5,0.5,0.5,1.0
695521,Gavin Conticello,2,1,0,2,0,1,0.5,0.5,1.5,2.0
692390,Jose Cordoba,2,1,0,0,0,0,0.5,0.5,0.5,1.0
680695,Brennen Davis,2,1,0,0,0,0,0.5,0.5,0.5,1.0
703194,Randy De Jesus,6,3,0,0,0,1,0.5,0.5,0.5,1.0
829059,Johan De Los Santos,2,1,0,0,0,0,0.5,0.5,0.5,1.0
834962,Anthony DePino,2,1,0,0,0,0,0.5,0.5,0.5,1.0
815816,Brady Ebel,5,2,1,1,1,2,0.5,0.6,1.25,1.85
809372,Victor Figueroa,3,1,0,2,1,0,0.5,0.667,0.5,1.167
822624,Kevin Fitzer,2,1,0,0,0,1,0.5,0.5,1.0,1.5
680837,Ryan Fitzgerald,11,5,0,3,1,2,0.5,0.545,0.8,1.345
828237,Cooper Flemming,2,1,0,1,0,0,0.5,0.5,0.5,1.0
666150,Dominic Fletcher,5,2,0,0,1,1,0.5,0.6,0.5,1.1
806495,Kale Fountain,3,1,1,2,0,1,0.5,0.667,2.0,2.667
702789,Austin Gauthier,2,1,0,0,0,1,0.5,0.5,0.5,1.0
694355,Tyler Gentry,2,1,0,0,0,1,0.5,0.5,0.5,1.0
665926,Andrés Giménez,10,4,1,2,2,0,0.5,0.6,1.0,1.6
801957,Dub Gleed,2,1,0,0,0,0,0.5,0.5,0.5,1.0
808706,Asbel Gonzalez,2,1,0,0,0,1,0.5,0.5,0.5,1.0
677954,Jordan Groshans,4,2,0,1,0,2,0.5,0.5,0.5,1.0
691944,Mac Guscette,2,1,0,0,0,1,0.5,0.5,0.5,1.0
606992,Eric Haase,7,3,0,2,1,3,0.5,0.571,0.667,1.238
802219,Woody Hadeen,2,1,0,0,0,1,0.5,0.5,0.5,1.0
805260,Ethan Hedges,4,2,0,1,0,0,0.5,0.5,0.75,1.25
808096,Reiner Herrera,2,1,0,2,0,1,0.5,0.5,1.5,2.0
677956,Rece Hinds,13,6,2,2,1,3,0.5,0.538,1.167,1.705
663538,Nico Hoerner,20,9,1,4,2,2,0.5,0.55,0.722,1.272
814408,Jackson Hornung,2,1,0,0,0,0,0.5,0.5,0.5,1.0
690992,Ed Howard,2,1,0,0,0,0,0.5,0.5,0.5,1.0
664728,Kyle Isbel,17,7,0,2,3,2,0.5,0.588,0.714,1.302
805347,Jim Jarvis,4,2,0,1,0,1,0.5,0.5,0.5,1.0
801881,Jacob Jenkins-Cowart,2,1,1,3,0,0,0.5,0.5,2.0,2.5
823851,Hansel Jimenez,2,1,0,1,0,1,0.5,0.5,0.5,1.0
702262,Jared Jones,3,1,0,0,1,1,0.5,0.667,0.5,1.167
682987,Spencer Jones,5,2,2,3,1,0,0.5,0.6,2.0,2.6
699228,Jakey Josepha,6,2,0,1,2,1,0.5,0.667,0.5,1.167
701618,Damon Keith,4,1,0,3,1,1,0.5,0.5,1.5,2.0
702593,Jace LaViolette,6,3,1,1,0,3,0.5,0.5,1.0,1.5
669127,Shea Langeliers,18,7,4,5,4,3,0.5,0.611,1.429,2.04
802474,Cameron Leary,4,2,0,0,0,0,0.5,0.5,1.0,1.5
807742,Colton Ledbetter,5,2,0,2,1,0,0.5,0.6,0.5,1.1
808982,Jung Hoo Lee,12,5,1,2,2,0,0.5,0.583,0.9,1.483
827665,Dillon Lewis,5,2,1,4,1,2,0.5,0.6,1.25,1.85
828318,Jaiden Lo Re,3,1,0,0,1,0,0.5,0.667,0.5,1.167
827517,Kyle Lodise,2,1,0,1,0,0,0.5,0.5,0.5,1.0
682617,Marco Luciano,2,1,0,1,0,0,0.5,0.5,0.5,1.0
701062,Alec Makarewicz,2,1,1,1,0,0,0.5,0.5,2.0,2.5
680996,Luke Mann,2,1,0,0,0,0,0.5,0.5,1.0,1.5
687529,Grant McCray,8,3,0,0,2,2,0.5,0.625,0.5,1.125
827637,Dalton McIntyre,3,1,0,0,1,0,0.5,0.667,0.5,1.167
676038,Skyler Messinger,2,1,0,1,0,1,0.5,0.5,1.0,1.5
689456,Austin Murr,2,1,0,0,0,0,0.5,0.5,0.5,1.0
696140,Ethan Murray,4,1,0,0,1,0,0.5,0.75,0.5,1.25
695020,Tanner Murray,4,1,0,1,1,0,0.5,0.5,0.5,1.0
687248,Keshawn Ogans,3,1,0,1,0,1,0.5,0.667,0.5,1.167
668776,Devin Ortiz,2,1,1,4,0,0,0.5,0.5,2.0,2.5
702556,Austin Overn,2,1,1,2,0,0,0.5,0.5,2.0,2.5
694211,Manuel Pena,6,2,0,1,2,0,0.5,0.667,0.75,1.417
678854,Viandel Pena,2,1,0,2,0,1,0.5,0.5,0.5,1.0
682775,Kervin Pichardo,2,1,0,1,0,0,0.5,0.5,1.0,1.5
682818,Yohendrick Pinango,3,1,0,0,1,1,0.5,0.667,1.0,1.667
700652,Kenny Piper,2,1,1,3,0,0,0.5,0.5,2.0,2.5
694186,Shalin Polanco,2,1,0,0,0,0,0.5,0.5,0.5,1.0
827388,Eric Rataczak,2,1,0,0,0,0,0.5,0.5,0.5,1.0
671286,Johnathan Rodríguez,4,2,0,1,0,1,0.5,0.5,0.5,1.0
815933,Leandro Romero,2,1,0,0,0,1,0.5,0.5,0.5,1.0
691191,Jose Salas,2,1,0,2,0,1,0.5,0.5,0.5,1.0
814514,AJ Salgado,6,3,0,1,0,3,0.5,0.5,0.833,1.333
703804,Romeo Sanabria,7,3,1,6,1,2,0.5,0.571,1.167,1.738
820847,Jordan Sanchez,2,1,0,0,0,1,0.5,0.5,0.5,1.0
687071,Shane Sasaki,2,1,0,0,0,1,0.5,0.5,1.0,1.5
820835,Kade Snell,5,2,0,1,1,1,0.5,0.6,1.25,1.85
686744,Jake Snider,2,1,0,0,0,0,0.5,0.5,0.5,1.0
803174,Anthony Stephan,2,1,0,0,0,0,0.5,0.5,0.5,1.0
657051,Nicholas Torres,2,1,0,0,0,1,0.5,0.5,0.5,1.0
681114,Michael Trautwein,2,1,0,0,0,0,0.5,0.5,0.5,1.0
814444,Will Turner,2,1,0,0,0,0,0.5,0.5,1.0,1.5
680664,Eduardo Valencia,6,3,0,0,0,0,0.5,0.5,0.5,1.0
811716,Landyn Vidourek,2,1,0,1,0,0,0.5,0.5,0.5,1.0
692944,Kevin Villavicencio,4,2,0,0,0,0,0.5,0.5,0.75,1.25
808024,Carlos Virahonda,2,1,0,0,0,0,0.5,0.5,0.5,1.0
811718,Josh Wakefield,3,1,0,0,1,1,0.5,0.667,0.5,1.167
814439,Ryan Waldschmidt,9,4,0,1,0,1,0.5,0.556,0.75,1.306
823918,Kyle West,2,1,0,1,0,0,0.5,0.5,1.0,1.5
666182,Bo Bichette,21,8,1,7,4,2,0.471,0.571,0.824,1.395
683953,Travis Bazzana,14,6,2,7,1,3,0.462,0.5,1.0,1.5
656305,Matt Chapman,14,6,1,4,1,0,0.462,0.5,1.0,1.5
661388,William Contreras,13,6,3,4,0,2,0.462,0.462,1.154,1.616
806068,Colt Emerson,14,5,2,4,3,3,0.455,0.571,1.091,1.662
687859,Troy Johnston,24,10,1,4,2,6,0.455,0.5,0.818,1.318
686948,Drake Baldwin,23,9,1,7,3,4,0.45,0.522,0.85,1.372
670242,Matt Wallner,23,9,2,3,3,4,0.45,0.522,0.9,1.422
671083,Buddy Kennedy,12,4,0,0,3,1,0.444,0.583,0.556,1.139
696030,Alejandro Osuna,20,8,0,2,1,1,0.444,0.5,0.5,1.0
647351,Abraham Toro,14,4,0,3,5,3,0.444,0.643,0.556,1.199
650402,Gleyber Torres,10,4,0,3,1,4,0.444,0.5,0.667,1.167
457705,Andrew McCutchen,21,7,1,5,5,4,0.438,0.571,0.688,1.259
681393,Connor Norby,17,7,1,2,1,5,0.438,0.471,0.688,1.159
608070,José Ramírez,18,7,3,8,2,1,0.438,0.5,1.063,1.563
667670,Brent Rooker,19,7,1,4,2,2,0.438,0.526,0.75,1.276
694208,Moisés Ballesteros,24,9,2,4,3,4,0.429,0.5,0.905,1.405
650489,Willi Castro,16,6,1,6,1,5,0.429,0.5,0.714,1.214
606192,Teoscar Hernández,23,9,4,13,2,6,0.429,0.478,1.048,1.526
694388,Joey Loperfido,17,6,0,2,3,3,0.429,0.529,0.429,0.958
664770,Nathan Lukes,17,6,0,1,3,3,0.429,0.529,0.429,0.958
672515,Gabriel Moreno,10,3,2,2,3,2,0.429,0.6,1.429,2.029
678877,Jhonkensy Noel,8,3,2,6,1,1,0.429,0.5,1.286,1.786
670231,John Rave,8,3,0,1,0,1,0.429,0.429,0.714,1.143
543807,George Springer,25,9,3,8,4,2,0.429,0.52,0.952,1.472
664774,LaMonte Wade Jr.,11,3,2,3,4,2,0.429,0.636,1.286,1.922
678489,Jorge Barrosa,24,8,2,5,5,3,0.421,0.542,0.947,1.489
500743,Miguel Rojas,20,8,1,3,1,1,0.421,0.45,0.684,1.134
694374,Tim Tawa,23,8,0,2,3,4,0.421,0.478,0.474,0.952
669384,Raynel Delgado,12,5,0,3,0,3,0.417,0.417,0.5,0.917
806198,Cooper Pratt,15,5,0,2,3,3,0.417,0.533,0.417,0.95
691781,Brady House,19,7,0,2,1,2,0.412,0.474,0.529,1.003
596115,Trevor Story,18,7,0,2,1,3,0.412,0.444,0.647,1.091
641343,Jake Bauers,25,9,4,5,3,4,0.409,0.48,1.136,1.616
680977,Brendan Donovan,30,9,1,8,4,4,0.409,0.5,0.636,1.136
680574,Matt McLain,23,9,2,4,1,4,0.409,0.435,0.818,1.253
689196,Owen Ayers,5,2,0,0,0,2,0.4,0.4,0.4,0.8
682674,Victor Bericoto,15,6,1,3,0,4,0.4,0.4,0.667,1.067
801670,Mike Boeve,6,2,0,2,1,2,0.4,0.5,0.4,0.9
825761,Ryan Cesarini,5,2,0,0,0,1,0.4,0.4,0.4,0.8
686554,Oliver Dunn,5,2,1,2,0,2,0.4,0.4,1.0,1.4
702332,Caleb Durbin,26,10,0,3,1,5,0.4,0.423,0.52,0.943
650490,Yandy Díaz,28,10,0,3,3,4,0.4,0.464,0.52,0.984
668752,Duke Ellis,6,2,0,0,1,1,0.4,0.5,0.4,0.9
805999,A.J. Ewing,6,2,0,0,1,0,0.4,0.5,0.6,1.1
806967,Brailer Guerrero,6,2,0,1,1,1,0.4,0.5,0.6,1.1
703766,Dakota Harris,5,2,0,2,0,1,0.4,0.4,0.4,0.8
687957,Dustin Harris,5,2,0,1,0,0,0.4,0.4,0.6,1.0
680737,Michael Helman,11,4,0,0,0,3,0.4,0.455,0.4,0.855
687724,Jake Holton,6,2,0,0,1,1,0.4,0.5,0.4,0.9
681377,Josh Hood,5,2,0,0,0,1,0.4,0.4,0.6,1.0
608348,Carson Kelly,19,6,1,4,2,2,0.4,0.526,0.733,1.259
622761,Jorge Mateo,19,6,0,4,2,2,0.4,0.444,0.667,1.111
703158,Jonathan Mejía,6,2,0,0,1,2,0.4,0.5,0.6,1.1
690841,Matt O'Neill,5,2,0,2,0,2,0.4,0.4,0.8,1.2
806191,Tai Peete,5,2,1,3,0,2,0.4,0.4,1.2,1.6
682848,Endy Rodríguez,5,2,0,1,0,1,0.4,0.4,0.4,0.8
666163,Ben Rortvedt,11,4,0,1,0,1,0.4,0.364,0.5,0.864
663584,Hayden Senger,6,2,0,0,0,2,0.4,0.5,0.4,0.9
657757,Gavin Sheets,20,8,3,4,0,0,0.4,0.4,0.95,1.35
694661,Riley Tirotta,5,2,0,0,0,1,0.4,0.4,0.6,1.0
669911,Michael Toglia,5,2,1,2,0,2,0.4,0.4,1.0,1.4
676369,Nelson Velázquez,17,6,1,5,2,2,0.4,0.471,0.6,1.071
695720,Tommy White,18,6,1,9,3,4,0.4,0.5,0.733,1.233
689172,Brett Wisely,16,6,0,1,1,3,0.4,0.438,0.667,1.105
664874,Seby Zavala,6,2,1,4,1,1,0.4,0.5,1.0,1.5
666152,David Hamilton,24,9,1,10,1,3,0.391,0.417,0.696,1.113
694212,Samuel Basallo,20,7,3,9,2,5,0.389,0.45,1.056,1.506
670770,TJ Friedl,21,7,0,0,3,4,0.389,0.476,0.5,0.976
666969,Adolis García,23,7,2,5,4,3,0.389,0.522,0.722,1.244
666397,Edouard Julien,23,7,1,5,5,7,0.389,0.522,0.778,1.3
678009,Parker Meadows,22,7,0,3,3,3,0.389,0.476,0.5,0.976
668939,Adley Rutschman,19,7,1,4,1,1,0.389,0.421,0.611,1.032
687515,Colby Thomas,19,7,2,3,0,2,0.389,0.368,0.778,1.146
668709,JJ Bleday,13,5,2,5,0,4,0.385,0.385,1.0,1.385
686527,Dominic Canzone,13,5,1,5,0,1,0.385,0.385,0.769,1.154
543309,Kyle Higashioka,14,5,0,2,1,4,0.385,0.429,0.692,1.121
664983,Jake McCarthy,27,10,0,1,0,5,0.385,0.407,0.462,0.869
807712,Luke Keaschall,22,8,2,6,0,0,0.381,0.409,0.762,1.171
663604,Brandon Lockridge,22,8,2,9,1,4,0.381,0.409,0.714,1.123
607043,Brandon Nimmo,27,8,3,9,4,5,0.381,0.519,0.905,1.424
682868,Bryan Ramos,22,8,1,2,1,6,0.381,0.409,0.619,1.028
672012,Tyler Black,10,3,0,6,0,1,0.375,0.3,0.625,0.925
593428,Xander Bogaerts,18,6,1,2,2,4,0.375,0.444,0.625,1.069
676203,Marcos Castañon,8,3,1,2,0,1,0.375,0.375,0.875,1.25
701496,Ben Cowles,8,3,0,3,0,3,0.375,0.375,0.375,0.75
691176,Jasson Domínguez,19,6,1,2,3,1,0.375,0.474,0.688,1.162
666023,Freddy Fermin,18,6,1,3,2,2,0.375,0.444,0.563,1.007
669369,Bryce Johnson,21,6,1,3,4,5,0.375,0.476,0.75,1.226
671155,Ivan Johnson,8,3,0,0,0,3,0.375,0.375,0.5,0.875
592450,Aaron Judge,9,3,1,1,1,5,0.375,0.444,0.75,1.194
687201,Kevin Kilpatrick Jr.,9,3,0,2,0,0,0.375,0.333,0.5,0.833
657675,Rudy Martin,10,3,0,1,2,1,0.375,0.5,0.5,1.0
677595,Ronny Mauricio,8,3,0,3,0,1,0.375,0.375,0.625,1.0
543510,James McCann,16,6,1,4,0,4,0.375,0.375,0.688,1.063
807726,John Peck,8,3,0,1,0,1,0.375,0.375,0.375,0.75
808234,Eduardo Quintero,9,3,0,1,1,3,0.375,0.444,0.375,0.819
699393,Pedro Ramírez,9,3,0,2,1,0,0.375,0.444,0.5,0.944
642708,Amed Rosario,17,6,0,3,1,2,0.375,0.412,0.438,0.85
691740,Daniel Susac,18,6,2,4,1,2,0.375,0.389,0.75,1.139
669261,Jack Suwinski,11,3,3,5,3,3,0.375,0.545,1.5,2.045
621493,Taylor Ward,10,3,0,0,2,1,0.375,0.5,0.375,0.875
682668,Luisangel Acuña,21,7,0,0,2,2,0.368,0.429,0.474,0.903
680718,Addison Barger,20,7,1,3,1,5,0.368,0.4,0.579,0.979
694671,Wyatt Langford,24,7,2,5,5,2,0.368,0.5,0.737,1.237
687401,Joey Ortiz,24,7,1,3,3,4,0.368,0.478,0.526,1.004
701350,Roman Anthony,14,4,0,1,2,3,0.364,0.5,0.364,0.864
542194,Christian Bethancourt,12,4,0,1,1,4,0.364,0.417,0.455,0.872
694249,Cole Carrigg,13,4,0,2,1,3,0.364,0.385,0.545,0.93
693307,Dillon Dingler,23,8,3,7,0,2,0.364,0.348,0.818,1.166
687231,Darell Hernaiz,11,4,0,0,0,3,0.364,0.364,0.455,0.819
656582,Connor Joe,25,8,0,1,2,8,0.364,0.44,0.455,0.895
663330,Jahmai Jones,12,4,0,5,1,4,0.364,0.417,0.545,0.962
640902,Jhonny Pereda,11,4,0,0,0,3,0.364,0.364,0.364,0.728
678882,Ceddanne Rafaela,25,8,1,3,3,7,0.364,0.44,0.591,1.031
662139,Daulton Varsho,24,8,4,10,2,3,0.364,0.417,0.955,1.372
683734,Andrew Vaughn,24,8,1,4,1,4,0.364,0.417,0.545,0.962
702518,Jett Williams,12,4,0,1,1,1,0.364,0.417,0.455,0.872
696100,Hunter Goodman,27,9,2,8,2,5,0.36,0.407,0.68,1.087
677942,Blaze Alexander,16,5,0,2,1,3,0.357,0.438,0.357,0.795
680779,Henry Davis,18,5,2,4,2,3,0.357,0.471,0.786,1.257
646240,Rafael Devers,14,5,1,4,0,4,0.357,0.357,0.643,1.0
808975,Hyeseong Kim,17,5,0,1,1,3,0.357,0.438,0.357,0.795
671976,Tristan Peters,17,5,0,3,1,3,0.357,0.438,0.571,1.009
696486,James Tibbs III,18,5,2,5,3,5,0.357,0.444,0.929,1.373
676475,Alec Burleson,20,6,0,2,3,3,0.353,0.45,0.412,0.862
669720,Austin Hays,17,6,0,1,0,3,0.353,0.353,0.471,0.824
656555,Rhys Hoskins,21,6,2,5,4,4,0.353,0.476,0.824,1.3
691783,Jordan Lawlar,22,6,0,2,4,4,0.353,0.476,0.353,0.829
571970,Max Muncy,21,6,1,3,4,5,0.353,0.476,0.588,1.064
545361,Mike Trout,22,6,0,1,4,6,0.353,0.5,0.529,1.029
672356,Gabriel Arias,24,7,0,3,3,6,0.35,0.458,0.45,0.908
683766,Christian Koss,22,7,1,2,2,4,0.35,0.409,0.5,0.909
670042,Luke Raley,26,7,2,7,3,6,0.35,0.5,0.75,1.25
666176,Jo Adell,24,8,2,3,0,11,0.348,0.375,0.652,1.027
650559,Bryan De La Cruz,24,8,0,2,1,2,0.348,0.375,0.435,0.81
690022,Ryan Ritter,25,8,2,2,2,8,0.348,0.4,0.652,1.052
805367,Chase Meidroth,29,9,1,7,3,5,0.346,0.414,0.654,1.068
621566,Matt Olson,26,9,3,6,0,7,0.346,0.346,0.731,1.077
660670,Ronald Acuña Jr.,8,2,0,0,2,2,0.333,0.5,0.667,1.167
701771,Billy Amick,3,1,0,0,0,0,0.333,0.333,0.333,0.666
571448,Nolan Arenado,14,4,1,6,1,0,0.333,0.357,0.75,1.107
650333,Luis Arraez,6,2,0,0,0,0,0.333,0.333,0.333,0.666
663609,Luken Baker,4,1,1,2,1,0,0.333,0.5,1.333,1.833
699126,Gregory Barrios,3,1,0,0,0,0,0.333,0.333,0.333,0.666
675915,David Bañuelos,10,3,1,3,1,1,0.333,0.4,0.667,1.067
687597,Jordan Beck,26,8,1,6,2,8,0.333,0.385,0.625,1.01
701807,Carson Benge,21,6,0,1,3,5,0.333,0.429,0.389,0.818
691405,Juan Benjamin,6,2,1,1,0,1,0.333,0.333,0.833,1.166
810891,Jay Beshears,3,1,0,1,0,1,0.333,0.333,1.0,1.333
687749,Jase Bowen,21,7,2,5,0,9,0.333,0.333,0.762,1.095
702708,Emaarion Boyd,3,1,0,0,0,0,0.333,0.333,0.333,0.666
669394,Jake Burger,24,7,1,7,3,6,0.333,0.417,0.524,0.941
669743,Alex Call,16,4,0,1,3,2,0.333,0.5,0.417,0.917
676463,Hayden Cantrelle,3,1,0,0,0,1,0.333,0.333,0.667,1.0
806958,Felnin Celesten,3,1,0,1,0,2,0.333,0.333,0.333,0.666
694192,Jackson Chourio,12,4,1,1,0,3,0.333,0.333,0.667,1.0
691408,Maick Collado,3,1,1,1,0,0,0.333,0.333,1.333,1.666
624424,Michael Conforto,21,7,0,4,0,2,0.333,0.333,0.619,0.952
682276,Jose Cordova,4,1,0,1,1,0,0.333,0.5,0.333,0.833
703519,Brady Counsell,3,1,0,0,0,0,0.333,0.333,0.333,0.666
826723,Ronny Cruz,3,1,0,0,0,0,0.333,0.333,0.333,0.666
701860,Carter Cunningham,3,1,0,0,0,1,0.333,0.333,0.333,0.666
827613,Derek Datil,3,1,0,0,0,1,0.333,0.333,0.333,0.666
695342,Colin Davis,3,1,1,2,0,1,0.333,0.333,1.333,1.666
821139,Luis De La Cruz,3,1,0,0,0,1,0.333,0.333,0.667,1.0
800391,Darlyn De Leon,3,1,0,1,0,2,0.333,0.333,0.333,0.666
823658,Daniel Dickinson,3,1,0,0,0,1,0.333,0.333,0.667,1.0
686668,Brenton Doyle,26,8,0,2,2,3,0.333,0.385,0.5,0.885
687867,Clay Dungan,8,2,0,2,2,3,0.333,0.5,0.5,1.0
677649,Ezequiel Duran,19,6,2,5,1,3,0.333,0.368,0.833,1.201
696083,Leonel Espinoza,3,1,0,0,0,0,0.333,0.333,0.667,1.0
686217,Sal Frelick,26,8,0,3,2,3,0.333,0.385,0.417,0.802
669357,Nolan Gorman,15,4,1,1,3,4,0.333,0.467,0.583,1.05
809092,Murf Gray,3,1,0,0,0,2,0.333,0.333,0.667,1.0
806994,Luis Guanipa,6,2,0,3,0,1,0.333,0.333,0.333,0.666
690985,Colby Halter,3,1,0,0,0,1,0.333,0.333,0.333,0.666
595978,Austin Hedges,9,2,0,0,3,2,0.333,0.556,0.333,0.889
623168,Tyler Heineman,6,2,0,1,0,0,0.333,0.333,0.333,0.666
668721,Payton Henry,12,4,0,1,0,2,0.333,0.333,0.417,0.75
683233,Douglas Hodo III,3,1,0,0,0,1,0.333,0.333,1.0,1.333
669236,Jeremiah Jackson,18,6,2,4,0,3,0.333,0.333,0.667,1.0
680777,Ryan Jeffers,18,6,1,3,0,2,0.333,0.333,0.5,0.833
669288,Daniel Johnson,6,2,1,2,0,0,0.333,0.333,0.833,1.166
803475,Colby Jones,4,1,0,1,1,1,0.333,0.5,0.333,0.833
691458,Blaze Jordan,6,2,1,2,0,0,0.333,0.333,1.0,1.333
673962,Josh Jung,13,4,1,2,0,0,0.333,0.385,0.75,1.135
692216,CJ Kayfus,24,7,1,1,2,5,0.333,0.417,0.524,0.941
814409,Seaver King,3,1,0,0,0,1,0.333,0.333,0.333,0.666
805782,Ryan Lasko,3,1,0,1,0,1,0.333,0.333,0.333,0.666
686797,Brooks Lee,27,8,1,2,2,3,0.333,0.407,0.458,0.865
506702,Sandy León,5,1,0,0,2,0,0.333,0.6,0.333,0.933
813916,Kellon Lindsey,5,1,0,0,2,0,0.333,0.6,0.333,0.933
800306,Jansel Luis,6,2,1,1,0,2,0.333,0.333,0.833,1.166
605353,Vimael Machín,7,2,0,1,1,1,0.333,0.429,0.667,1.096
702582,Dallas Macias,4,1,0,0,1,2,0.333,0.5,0.333,0.833
823702,Alex Madera,3,1,0,1,0,1,0.333,0.333,0.333,0.666
676632,Bligh Madris,5,1,0,0,2,1,0.333,0.6,0.333,0.933
687799,Cade Marlowe,17,5,1,2,2,2,0.333,0.412,0.6,1.012
516782,Starling Marte,20,6,0,0,2,5,0.333,0.4,0.389,0.789
808273,Alfonzo Martinez,4,1,1,1,1,1,0.333,0.5,1.333,1.833
687210,Nathan Martorella,4,1,0,1,1,1,0.333,0.5,0.333,0.833
608841,Joey Meneses,8,2,0,3,0,0,0.333,0.25,0.667,0.917
801887,Kole Myers,6,2,0,0,0,1,0.333,0.333,0.333,0.666
800206,Yerald Nin,3,1,0,0,0,0,0.333,0.333,0.333,0.666
691292,Angel Ortiz,9,3,1,3,0,4,0.333,0.333,0.667,1.0
808571,D'Angelo Ortiz,3,1,0,0,0,0,0.333,0.333,0.333,0.666
665506,Cristian Pache,15,4,1,2,2,1,0.333,0.467,0.667,1.134
702555,Cannon Peebles,3,1,0,1,0,1,0.333,0.333,0.333,0.666
668472,Nick Pratto,4,1,0,0,1,1,0.333,0.5,0.333,0.833
691620,Jeferson Quero,3,1,0,0,0,0,0.333,0.333,0.333,0.666
682947,Jose Ramos,3,1,0,1,0,1,0.333,0.333,0.333,0.666
622569,Pablo Reyes,9,3,0,1,0,1,0.333,0.333,0.444,0.777
683679,Jesus Rodriguez,16,5,1,3,1,1,0.333,0.375,0.6,0.975
677594,Julio Rodríguez,13,4,1,3,1,3,0.333,0.385,0.583,0.968
679032,Johan Rojas,6,1,0,1,2,1,0.333,0.6,0.667,1.267
815874,Nick Roselli,4,1,0,3,1,1,0.333,0.5,0.667,1.167
669002,Connor Scott,5,1,1,1,1,2,0.333,0.5,1.333,1.833
802415,Chandler Simpson,19,6,1,2,0,2,0.333,0.333,0.5,0.833
669701,Josh Smith,26,6,2,11,7,5,0.333,0.5,0.722,1.222
656976,Pavin Smith,15,5,0,2,0,4,0.333,0.333,0.333,0.666
669256,Nick Solak,13,4,0,1,0,2,0.333,0.308,0.417,0.725
624585,Jorge Soler,24,7,3,8,1,10,0.333,0.348,0.857,1.205
694318,Austin St. Laurent,4,1,0,1,1,0,0.333,0.5,0.333,0.833
693822,Murphy Stehly,3,1,0,1,0,1,0.333,0.333,0.333,0.666
701398,Sal Stewart,27,7,1,3,6,4,0.333,0.481,0.619,1.1
660821,Jesús Sánchez,20,6,1,4,2,6,0.333,0.4,0.556,0.956
694930,Carson Taylor,7,2,0,2,1,1,0.333,0.429,0.5,0.929
807951,Rafhlmil Torres,3,1,0,1,0,0,0.333,0.333,1.0,1.333
688005,Francisco Urbaez,4,1,0,0,0,0,0.333,0.5,0.333,0.833
545121,Ildemaro Vargas,22,7,1,4,1,3,0.333,0.364,0.571,0.935
702491,Mitch Voit,3,1,0,0,0,1,0.333,0.333,0.333,0.666
680672,Luke Waddell,4,1,0,0,1,1,0.333,0.5,0.333,0.833
642180,Tyler Wade,17,5,0,0,2,3,0.333,0.412,0.333,0.745
676572,Eric Wagaman,14,4,0,0,2,4,0.333,0.429,0.333,0.762
702488,Logan Wagner,3,1,0,1,0,0,0.333,0.333,0.333,0.666
680518,Zavier Warren,4,1,0,2,0,0,0.333,0.25,0.333,0.583
694376,Shay Whitcomb,12,4,0,4,0,2,0.333,0.333,0.417,0.75
696145,Lonnie White Jr.,3,1,0,0,0,2,0.333,0.333,0.333,0.666
810938,Ben Williamson,25,7,1,2,4,5,0.333,0.44,0.524,0.964
669398,Gage Workman,3,1,0,0,0,1,0.333,0.333,0.667,1.0
682985,Riley Greene,25,8,1,3,0,6,0.32,0.32,0.56,0.88
682634,Kevin Alcántara,20,6,1,4,1,5,0.316,0.35,0.526,0.876
665019,Kody Clemens,20,6,1,2,1,3,0.316,0.35,0.632,0.982
691720,Kyle Karros,20,6,0,2,1,3,0.316,0.35,0.474,0.824
666139,Josh Lowe,21,6,1,9,2,9,0.316,0.381,0.579,0.96
691777,Max Muncy,20,6,2,4,1,6,0.316,0.35,0.737,1.087
624641,Edmundo Sosa,19,6,0,1,0,3,0.316,0.316,0.368,0.684
701675,Nathan Church,18,5,0,2,2,1,0.313,0.389,0.438,0.827
630105,Jake Cronenworth,20,5,0,3,3,4,0.313,0.45,0.375,0.825
666464,Jerar Encarnacion,16,5,1,6,0,1,0.313,0.313,0.625,0.938
641555,J.C. Escarra,17,5,1,2,1,2,0.313,0.353,0.625,0.978
675085,Jonathon Long,22,5,1,2,4,6,0.313,0.455,0.5,0.955
660162,Yoán Moncada,20,5,0,2,4,8,0.313,0.45,0.375,0.825
663624,Ryan Mountcastle,16,5,0,1,0,7,0.313,0.313,0.313,0.626
668804,Bryan Reynolds,21,5,0,3,4,5,0.313,0.429,0.313,0.742
645302,Victor Robles,18,5,1,4,1,4,0.313,0.389,0.563,0.952
669477,Casey Schmitt,20,5,0,1,3,2,0.313,0.45,0.313,0.763
669360,Trei Cruz,14,4,0,0,0,2,0.308,0.357,0.385,0.742
669364,Xavier Edwards,15,4,0,0,2,2,0.308,0.4,0.462,0.862
670032,Nicky Lopez,15,4,0,0,2,1,0.308,0.4,0.385,0.785
647304,Josh Naylor,13,4,0,0,0,2,0.308,0.308,0.385,0.693
666931,Jared Oliva,16,4,1,5,1,1,0.308,0.4,0.692,1.092
643289,Mauricio Dubón,24,7,1,2,1,5,0.304,0.333,0.478,0.811
681082,Bryson Stott,23,7,1,2,0,5,0.304,0.304,0.478,0.782
665804,Miguel Amaya,21,6,3,6,0,4,0.3,0.333,0.75,1.083
595879,Javier Báez,21,6,0,1,1,4,0.3,0.333,0.4,0.733
692225,Kristian Campbell,12,3,0,2,1,0,0.3,0.417,0.3,0.717
669134,Luis Campusano,13,3,0,0,3,3,0.3,0.462,0.4,0.862
809707,Charlie Condon,12,3,0,1,2,3,0.3,0.417,0.4,0.817
650391,Eloy Jiménez,10,3,1,1,0,1,0.3,0.3,0.7,1.0
815653,Tyson Lewis,10,3,0,1,0,4,0.3,0.3,0.4,0.7
669234,Justyn-Henry Malloy,10,3,0,3,0,3,0.3,0.3,0.4,0.7
694728,Brice Matthews,15,3,1,3,5,3,0.3,0.533,0.7,1.233
808768,Ben McLaughlin,14,3,0,3,4,1,0.3,0.5,0.4,0.9
660271,Shohei Ohtani,11,3,0,3,1,4,0.3,0.364,0.5,0.864
672960,Kazuma Okamoto,13,3,0,0,3,2,0.3,0.462,0.4,0.862
672695,Geraldo Perdomo,13,3,0,0,3,1,0.3,0.462,0.4,0.862
695336,Thomas Saggese,10,3,1,2,0,3,0.3,0.3,0.6,0.9
807713,Matt Shaw,25,6,1,4,5,7,0.3,0.44,0.55,0.99
642350,Jose Siri,10,3,0,1,0,3,0.3,0.3,0.4,0.7
624431,Jose Trevino,21,6,2,3,1,3,0.3,0.333,0.7,1.033
624523,Riley Unroe,11,3,0,2,1,3,0.3,0.364,0.5,0.864
694377,Nick Yorke,23,6,0,2,0,1,0.3,0.348,0.35,0.698
624413,Pete Alonso,29,8,0,0,2,6,0.296,0.345,0.37,0.715
676356,Jonny DeLuca,18,5,0,3,1,2,0.294,0.333,0.294,0.627
656537,Derek Hill,20,5,0,0,3,6,0.294,0.4,0.471,0.871
593871,Jorge Polanco,21,5,0,2,3,1,0.294,0.381,0.294,0.675
702176,Alan Roden,19,5,0,2,2,3,0.294,0.368,0.353,0.721
570560,Yolmer Sánchez,22,5,0,1,4,5,0.294,0.429,0.294,0.723
702284,Cole Young,25,7,2,7,1,4,0.292,0.32,0.625,0.945
682928,CJ Abrams,22,6,0,1,1,4,0.286,0.318,0.429,0.747
606115,Orlando Arcia,16,4,0,3,2,1,0.286,0.375,0.286,0.661
687637,Dylan Beavers,7,2,1,2,0,2,0.286,0.286,0.714,1.0
664761,Alec Bohm,22,6,2,5,1,3,0.286,0.318,0.619,0.937
621439,Byron Buxton,9,2,2,3,2,3,0.286,0.444,1.143,1.587
695462,Cal Conley,7,2,0,0,0,2,0.286,0.286,0.429,0.715
701392,Marco Dinges,7,2,0,0,0,1,0.286,0.286,0.429,0.715
693459,Kyler Fedko,7,2,0,0,0,0,0.286,0.286,0.429,0.715
666149,Tyler Fitzgerald,8,2,0,1,0,2,0.286,0.25,0.429,0.679
641584,Jake Fraley,18,4,1,2,4,3,0.286,0.444,0.571,1.015
681508,Mickey Gasper,8,2,0,0,1,1,0.286,0.375,0.286,0.661
690987,Robert Hassell III,7,2,0,0,0,3,0.286,0.286,0.286,0.572
666134,Nolan Jones,9,2,0,1,2,1,0.286,0.444,0.429,0.873
701762,Nick Kurtz,23,6,2,3,1,8,0.286,0.348,0.667,1.015
682657,Angel Martínez,21,6,2,4,0,4,0.286,0.286,0.667,0.953
680911,Owen Miller,10,2,0,1,3,3,0.286,0.5,0.429,0.929
667472,Dane Myers,17,4,0,0,2,4,0.286,0.412,0.286,0.698
694025,Felix Reyes,14,4,2,5,0,2,0.286,0.286,0.714,1.0
663586,Austin Riley,24,6,2,7,2,4,0.286,0.375,0.667,1.042
677587,Brayan Rocchio,15,4,1,3,1,1,0.286,0.333,0.5,0.833
677578,Carlos Rodríguez,15,4,0,1,1,4,0.286,0.333,0.429,0.762
800473,Jefferson Rojas,14,4,2,5,0,2,0.286,0.286,0.786,1.072
596103,Austin Slater,8,2,0,0,1,3,0.286,0.375,0.429,0.804
691016,Tyler Soderstrom,18,4,2,4,2,3,0.286,0.444,0.857,1.301
669065,Kyle Stowers,8,2,0,0,1,0,0.286,0.375,0.429,0.804
692044,Luis Suisbel,8,2,1,1,1,3,0.286,0.375,0.857,1.232
664954,Brett Sullivan,14,4,1,1,0,3,0.286,0.286,0.714,1.0
620443,Luis Torrens,8,2,0,0,1,3,0.286,0.375,0.286,0.661
678391,Jorbit Vivas,9,2,0,1,2,3,0.286,0.444,0.429,0.873
685274,Braiden Ward,19,4,0,2,3,4,0.286,0.474,0.429,0.903
686523,Peyton Wilson,16,4,2,4,2,8,0.286,0.375,0.714,1.089
573262,Mike Yastrzemski,17,4,2,2,2,4,0.286,0.412,0.857,1.269
683146,Brett Baty,20,5,0,2,2,4,0.278,0.35,0.389,0.739
592192,Mark Canha,19,5,2,3,0,7,0.278,0.316,0.611,0.927
805904,Zach Cole,21,5,1,1,3,10,0.278,0.381,0.556,0.937
679845,Nick Loftin,20,5,0,1,2,5,0.278,0.35,0.333,0.683
663993,Nathaniel Lowe,21,5,1,2,3,3,0.278,0.381,0.611,0.992
673357,Luis Robert Jr.,20,5,0,2,1,7,0.278,0.316,0.389,0.705
682626,Francisco Alvarez,14,3,0,3,2,3,0.273,0.357,0.455,0.812
671732,Lawrence Butler,12,3,1,2,1,5,0.273,0.333,0.545,0.878
681715,Heriberto Hernández,15,3,0,0,4,4,0.273,0.467,0.273,0.74
672724,Oswald Peraza,23,6,0,2,1,4,0.273,0.304,0.318,0.622
592663,J.T. Realmuto,14,3,0,0,2,3,0.273,0.429,0.364,0.793
694187,Daniel Vazquez,12,3,0,1,1,4,0.273,0.333,0.273,0.606
665828,Oswaldo Cabrera,16,4,0,1,1,4,0.267,0.313,0.333,0.646
680776,Jarren Duran,19,4,0,0,4,5,0.267,0.421,0.267,0.688
663743,Nick Fortes,16,4,1,1,1,1,0.267,0.313,0.467,0.78
690924,Braxton Fulford,16,4,2,3,0,3,0.267,0.313,0.667,0.98
690291,Jace Jung,19,4,0,0,4,2,0.267,0.421,0.333,0.754
663728,Cal Raleigh,16,4,0,3,0,6,0.267,0.313,0.467,0.78
694384,Nolan Schanuel,24,4,0,2,8,3,0.267,0.5,0.4,0.9
543760,Marcus Semien,21,4,1,8,2,4,0.267,0.286,0.533,0.819
596142,Gary Sánchez,16,4,1,2,1,3,0.267,0.313,0.467,0.78
677950,Alek Thomas,17,4,2,5,1,4,0.267,0.353,0.733,1.086
678662,Ezequiel Tovar,17,4,2,4,2,5,0.267,0.353,0.667,1.02
668227,Randy Arozarena,23,5,2,5,3,6,0.263,0.391,0.579,0.97
643217,Andrew Benintendi,20,5,1,4,1,7,0.263,0.3,0.579,0.879
669289,Santiago Espinal,20,5,0,2,1,2,0.263,0.3,0.421,0.721
518692,Freddie Freeman,24,5,1,2,5,3,0.263,0.417,0.474,0.891
687551,Drew Gilbert,21,5,0,0,2,4,0.263,0.333,0.368,0.701
690993,Colt Keith,24,5,0,1,5,5,0.263,0.417,0.316,0.733
691785,Marcelo Mayer,24,5,0,1,5,3,0.263,0.417,0.316,0.733
663656,Kyle Tucker,24,5,2,3,4,3,0.263,0.391,0.632,1.023
656180,Riley Adams,4,1,0,2,0,2,0.25,0.25,0.25,0.5
669397,Nick Allen,13,3,0,3,1,2,0.25,0.308,0.417,0.725
670541,Yordan Alvarez,16,4,1,5,0,5,0.25,0.25,0.438,0.688
686404,Wuilfredo Antunez,4,1,1,1,0,1,0.25,0.25,1.0,1.25
605141,Mookie Betts,24,4,1,3,8,2,0.25,0.5,0.438,0.938
703607,Henry Bolte,13,3,1,7,0,6,0.25,0.308,0.583,0.891
687521,Eric Brown Jr.,4,1,0,0,0,3,0.25,0.25,0.5,0.75
695501,Blake Burke,4,1,0,1,0,1,0.25,0.25,0.5,0.75
813842,Chase Call,4,1,0,0,0,1,0.25,0.25,0.25,0.5
682997,Tyler Callihan,14,3,1,2,2,5,0.25,0.357,0.5,0.857
702222,Justin Crawford,21,5,0,1,1,5,0.25,0.286,0.35,0.636
688457,Gavin Cross,12,3,0,3,0,6,0.25,0.25,0.333,0.583
553869,Elias Díaz,4,1,0,0,0,2,0.25,0.25,0.5,0.75
701394,Zach Ehrhard,16,4,0,3,0,3,0.25,0.25,0.5,0.75
702656,Drew Faurot,4,1,0,0,0,3,0.25,0.25,0.25,0.5
692585,Yanquiel Fernández,8,2,0,0,0,2,0.25,0.25,0.25,0.5
695670,Harry Ford,5,1,0,1,1,1,0.25,0.4,0.25,0.65
682679,Dayan Frias,4,1,0,1,0,1,0.25,0.25,0.5,0.75
681807,David Fry,20,4,1,3,3,4,0.25,0.4,0.563,0.963
605244,Aramis Garcia,13,3,0,3,0,5,0.25,0.231,0.333,0.564
806534,Ben Gobbel,4,1,0,0,0,2,0.25,0.25,0.25,0.5
693304,Nick Gonzales,20,5,0,1,0,4,0.25,0.25,0.3,0.55
547180,Bryce Harper,8,2,0,1,0,2,0.25,0.25,0.375,0.625
663647,Ke'Bryan Hayes,20,4,0,1,4,3,0.25,0.4,0.25,0.65
683002,Gunnar Henderson,14,3,1,3,2,2,0.25,0.357,0.583,0.94
690988,Austin Hendrick,6,1,0,1,1,2,0.25,0.5,0.25,0.75
694183,Cristian Hernandez,4,1,0,1,0,3,0.25,0.25,0.5,0.75
702315,Bennett Hostetler,5,1,1,2,1,0,0.25,0.4,1.0,1.4
694170,Dyan Jorge,5,1,0,0,1,1,0.25,0.4,0.75,1.15
667452,Corey Julks,8,2,0,0,0,1,0.25,0.25,0.25,0.5
666198,Carter Kieboom,8,2,0,1,0,2,0.25,0.25,0.25,0.5
802407,Joe Lampe,4,1,0,0,0,0,0.25,0.25,0.25,0.5
657656,Ramón Laureano,22,4,1,3,4,7,0.25,0.455,0.438,0.893
695734,Daylen Lile,25,6,1,3,1,4,0.25,0.28,0.417,0.697
672640,Otto Lopez,12,3,1,3,0,2,0.25,0.25,0.5,0.75
606466,Ketel Marte,10,2,0,0,1,0,0.25,0.4,0.375,0.775
621006,Richie Martin Jr.,4,1,0,0,0,1,0.25,0.25,0.25,0.5
699471,Ivan Melendez,4,1,0,0,0,0,0.25,0.25,0.5,0.75
676694,Jake Meyers,12,3,0,0,0,2,0.25,0.25,0.417,0.667
687625,Kai Murphy,4,1,0,0,0,0,0.25,0.25,0.25,0.5
663445,James Nelson,4,1,0,0,0,3,0.25,0.25,0.25,0.5
805796,Arjun Nimmala,9,2,0,0,1,1,0.25,0.333,0.375,0.708
807751,Ethan O'Donnell,4,1,0,0,0,0,0.25,0.25,0.25,0.5
813852,Trey Paige,4,1,1,2,0,3,0.25,0.25,1.0,1.25
681941,Jaylen Palmer,6,1,0,0,1,3,0.25,0.5,0.25,0.75
677592,Everson Pereira,23,5,2,5,2,5,0.25,0.348,0.6,0.948
672761,Wenceel Pérez,22,5,2,7,2,7,0.25,0.318,0.55,0.868
702544,Jacob Reimer,5,1,0,0,1,1,0.25,0.4,0.5,0.9
693850,Kala'i Rosario,5,1,0,0,1,2,0.25,0.4,0.25,0.65
687221,Dalton Rushing,22,4,1,4,6,6,0.25,0.455,0.5,0.955
690474,Tommy Sacco Jr.,4,1,0,0,0,1,0.25,0.25,0.25,0.5
800176,Carlos Sanchez,8,2,0,1,0,3,0.25,0.25,0.25,0.5
670097,Zack Short,4,1,0,0,0,2,0.25,0.25,0.5,0.75
672820,Lenyn Sosa,17,4,0,5,1,3,0.25,0.294,0.375,0.669
807257,Ty Southisene,5,1,0,0,1,2,0.25,0.4,0.25,0.65
664702,Myles Straw,12,3,0,1,0,3,0.25,0.25,0.25,0.5
701649,James Triantos,9,2,1,2,1,1,0.25,0.333,0.625,0.958
691938,Willy Vasquez,4,1,1,1,0,0,0.25,0.25,1.0,1.25
572233,Christian Walker,16,4,2,4,0,5,0.25,0.25,0.625,0.875
595453,Chad Wallach,4,1,1,2,0,0,0.25,0.25,1.0,1.25
681581,Andy Weber,4,1,0,0,0,1,0.25,0.25,0.5,0.75
676466,Jack Winkler,4,1,0,0,0,1,0.25,0.25,0.5,0.75
689688,Ethan Workinger,5,1,0,2,1,1,0.25,0.4,0.25,0.65
682829,Elly De La Cruz,25,5,1,6,4,7,0.238,0.36,0.571,0.931
681546,James Outman,26,5,2,4,4,8,0.238,0.385,0.524,0.909
681624,Andy Pages,23,5,0,4,2,3,0.238,0.304,0.238,0.542
608369,Corey Seager,24,5,1,1,3,8,0.238,0.333,0.524,0.857
663837,Matt Vierling,22,5,1,5,1,5,0.238,0.273,0.524,0.797
686823,Will Brennan,17,4,1,3,0,2,0.235,0.235,0.471,0.706
664068,Scott Kingery,21,4,1,3,3,8,0.235,0.381,0.412,0.793
683083,Nasim Nuñez,24,4,0,1,7,4,0.235,0.458,0.294,0.752
680474,Max Schuemann,22,4,1,2,4,5,0.235,0.381,0.471,0.852
519317,Giancarlo Stanton,18,4,1,2,0,6,0.235,0.222,0.412,0.634
807799,Masataka Yoshida,18,4,0,4,1,3,0.235,0.278,0.412,0.69
691406,Junior Caminero,14,3,0,1,1,2,0.231,0.286,0.308,0.594
691373,Jhostynxon Garcia,13,3,1,2,0,6,0.231,0.231,0.462,0.693
621028,Kevin Newman,16,3,0,2,2,3,0.231,0.313,0.308,0.621
663368,Blake Perkins,13,3,0,0,0,2,0.231,0.231,0.231,0.462
682177,Daniel Schneemann,14,3,1,2,1,4,0.231,0.286,0.462,0.748
643565,Mike Tauchman,14,3,0,2,1,5,0.231,0.286,0.231,0.517
681123,Luca Tresh,13,3,3,5,0,3,0.231,0.231,0.923,1.154
666185,Dylan Carlson,23,5,1,3,1,8,0.227,0.261,0.364,0.625
695257,Billy Cook,22,5,1,2,0,6,0.227,0.227,0.409,0.636
641857,Ryan McMahon,23,5,0,2,0,9,0.227,0.217,0.318,0.535
542303,Marcell Ozuna,22,5,1,3,0,4,0.227,0.227,0.364,0.591
650859,Luis Rengifo,23,5,2,2,1,4,0.227,0.261,0.545,0.806
668715,Spencer Steer,23,5,1,3,1,4,0.227,0.261,0.5,0.761
678545,Osleivis Basabe,9,2,0,0,0,2,0.222,0.222,0.444,0.666
660644,Vidal Bruján,19,4,0,0,1,5,0.222,0.263,0.222,0.485
621043,Carlos Correa,11,2,0,0,2,1,0.222,0.364,0.222,0.586
673237,Yainer Diaz,10,2,0,0,1,2,0.222,0.3,0.333,0.633
681987,Nate Eaton,19,4,0,2,1,6,0.222,0.263,0.333,0.596
664059,Sam Haggerty,25,4,0,1,7,2,0.222,0.44,0.333,0.773
641658,Garrett Hampson,18,4,1,1,0,6,0.222,0.222,0.389,0.611
702258,Druw Jones,10,2,0,1,0,1,0.222,0.3,0.222,0.522
688460,Josh Kasevich,10,2,0,1,1,2,0.222,0.3,0.444,0.744
650907,René Pinto,9,2,0,0,0,3,0.222,0.222,0.333,0.555
702540,Mikey Romero,9,2,0,0,0,0,0.222,0.222,0.333,0.555
678010,Nick Schnell,19,4,1,1,1,7,0.222,0.263,0.5,0.763
553993,Eugenio Suárez,12,2,0,1,3,4,0.222,0.417,0.222,0.639
543877,Christian Vázquez,11,2,0,1,2,4,0.222,0.364,0.222,0.586
686894,Joey Wiemer,21,4,2,6,3,2,0.222,0.333,0.667,1.0
805779,Jacob Wilson,19,4,0,1,1,0,0.222,0.263,0.222,0.485
805249,Otto Kemp,24,5,2,9,0,8,0.217,0.25,0.522,0.772
640492,José Azocar,15,3,0,0,1,2,0.214,0.267,0.214,0.481
672275,Patrick Bailey,15,3,0,0,1,2,0.214,0.267,0.214,0.481
669208,Ryan Bliss,14,3,0,4,0,5,0.214,0.214,0.214,0.428
575929,Willson Contreras,15,3,0,1,1,3,0.214,0.267,0.286,0.553
665833,Oneil Cruz,17,3,1,3,2,5,0.214,0.294,0.429,0.723
641680,Jonah Heim,15,3,0,1,1,2,0.214,0.267,0.214,0.481
686676,Korey Lee,15,3,1,2,1,8,0.214,0.267,0.429,0.696
669200,Mason McCoy,14,3,0,0,0,4,0.214,0.214,0.286,0.5
656775,Cedric Mullins,20,3,1,4,6,5,0.214,0.45,0.429,0.879
687363,Victor Scott II,19,3,0,2,1,4,0.214,0.316,0.286,0.602
621438,Tyrone Taylor,16,3,0,0,0,3,0.214,0.313,0.286,0.599
666211,Taylor Trammell,16,3,1,3,2,6,0.214,0.313,0.429,0.742
691023,Jordan Walker,15,3,1,1,1,5,0.214,0.267,0.429,0.696
700246,Carson Williams,14,3,1,3,0,4,0.214,0.214,0.429,0.643
642851,Austin Wynns,14,3,0,0,0,6,0.214,0.214,0.214,0.428
683737,Michael Busch,20,4,1,2,1,4,0.211,0.25,0.421,0.671
686551,Christian Cairo,20,4,0,1,1,9,0.211,0.25,0.211,0.461
664034,Ty France,21,4,2,7,1,3,0.211,0.238,0.526,0.764
663968,Jake Mangum,22,4,0,2,2,6,0.211,0.318,0.211,0.529
700932,Kyle Manzardo,25,5,2,6,1,12,0.208,0.24,0.458,0.698
680769,CJ Alexander,5,1,0,1,0,2,0.2,0.2,0.2,0.4
666018,Jonathan Aranda,21,4,1,1,1,4,0.2,0.238,0.4,0.638
663698,Joey Bart,17,3,0,2,0,8,0.2,0.294,0.267,0.561
701401,Canyon Brown,5,1,0,0,0,1,0.2,0.2,0.4,0.6
672569,Gustavo Campero,6,1,0,2,1,2,0.2,0.333,0.4,0.733
665862,Jazz Chisholm Jr.,20,3,0,2,5,5,0.2,0.4,0.267,0.667
802117,Patrick Clohisy,12,2,0,0,0,2,0.2,0.333,0.2,0.533
702253,Cam Collier,6,1,0,0,1,0,0.2,0.333,0.2,0.533
665052,Griffin Conine,16,3,1,3,0,3,0.2,0.2,0.4,0.6
657557,Paul DeJong,21,4,0,1,1,4,0.2,0.238,0.35,0.588
660710,Rodolfo Durán,12,2,2,4,1,3,0.2,0.333,0.8,1.133
682983,Jud Fabian,5,1,0,0,0,3,0.2,0.2,0.2,0.4
656413,Stuart Fairchild,21,4,1,1,1,8,0.2,0.238,0.45,0.688
806071,Jonny Farmelo,7,1,0,0,2,4,0.2,0.429,0.2,0.629
665877,José Fermín,21,4,0,2,0,0,0.2,0.19,0.2,0.39
814436,Ryan Galanie,6,1,0,0,1,1,0.2,0.333,0.2,0.533
668974,Maverick Handley,6,1,0,0,1,1,0.2,0.333,0.2,0.533
664023,Ian Happ,20,3,1,1,5,3,0.2,0.4,0.467,0.867
676205,Tyler Hardman,5,1,0,2,0,4,0.2,0.2,0.2,0.4
815792,Chase Harlan,6,1,0,0,1,2,0.2,0.333,0.2,0.533
815734,Dylan Jasso,5,1,0,0,0,1,0.2,0.2,0.2,0.4
823807,Kane Kepley,13,2,0,1,2,4,0.2,0.308,0.2,0.508
672386,Alejandro Kirk,17,3,1,3,2,6,0.2,0.294,0.467,0.761
668800,Andrew Knizner,10,2,0,0,0,2,0.2,0.2,0.2,0.4
811965,Joshua Kuroda-Grauer,5,1,0,0,0,2,0.2,0.2,0.4,0.6
663616,Trevor Larnach,16,3,1,2,1,2,0.2,0.25,0.4,0.65
666158,Gavin Lux,15,3,0,0,0,7,0.2,0.2,0.267,0.467
669016,Brandon Marsh,22,4,0,1,2,4,0.2,0.273,0.25,0.523
640458,Óscar Mercado,5,1,0,0,0,1,0.2,0.2,0.4,0.6
655316,Andruw Monasterio,21,4,0,1,1,6,0.2,0.238,0.25,0.488
695612,Alex Mooney,6,1,0,0,0,2,0.2,0.333,0.2,0.533
815896,Emil Morales,6,1,0,1,1,3,0.2,0.333,0.2,0.533
640459,Brian Navarreto,5,1,0,0,0,0,0.2,0.2,0.4,0.6
666310,Bo Naylor,18,3,0,3,2,5,0.2,0.278,0.267,0.545
641933,Tyler O'Neill,10,2,0,1,0,2,0.2,0.2,0.3,0.5
802506,Dylan O'Rae,5,1,0,1,0,0,0.2,0.2,0.2,0.4
680716,Jonathan Ornelas,5,1,0,1,0,2,0.2,0.2,0.2,0.4
815520,Braylon Payne,6,1,0,1,1,2,0.2,0.333,0.4,0.733
682663,Agustín Ramírez,12,2,0,1,2,2,0.2,0.333,0.4,0.733
801126,Brock Rodden,19,3,0,1,4,3,0.2,0.368,0.267,0.635
670351,Jose Rojas,10,2,0,0,0,3,0.2,0.2,0.2,0.4
666165,Blake Sabol,5,1,0,1,0,0,0.2,0.2,0.4,0.6
656941,Kyle Schwarber,10,2,1,2,0,3,0.2,0.2,0.6,0.8
701527,Mike Sirota,6,1,0,0,0,3,0.2,0.333,0.4,0.733
807957,Yassel Soler,5,1,0,1,0,3,0.2,0.2,0.2,0.4
663886,Tyler Stephenson,22,4,1,3,1,10,0.2,0.273,0.4,0.673
667690,C.J. Stubbs,6,1,0,0,1,3,0.2,0.333,0.2,0.533
645305,Ali Sánchez,7,1,0,2,0,1,0.2,0.286,0.4,0.686
621035,Chris Taylor,13,2,0,0,3,6,0.2,0.385,0.2,0.585
570482,Gio Urshela,11,2,0,0,1,2,0.2,0.273,0.3,0.573
678218,Brandon Valenzuela,5,1,0,0,0,4,0.2,0.2,0.2,0.4
657077,Alex Verdugo,6,1,0,0,1,1,0.2,0.333,0.2,0.533
691021,A.J. Vukovich,12,2,1,3,2,2,0.2,0.333,0.5,0.833
657136,Connor Wong,12,2,0,3,2,1,0.2,0.333,0.3,0.633
668965,Freddy Zamora,5,1,1,1,0,0,0.2,0.2,0.8,1.0
681198,TJ Rumfield,27,5,1,4,0,1,0.192,0.185,0.308,0.493
666181,Will Benson,25,4,1,1,4,3,0.19,0.32,0.333,0.653
600869,Jeimer Candelario,25,4,3,7,4,8,0.19,0.32,0.619,0.939
571657,Kyle Farmer,21,4,0,2,0,5,0.19,0.19,0.19,0.38
628451,Andy Ibáñez,22,4,1,2,1,7,0.19,0.227,0.333,0.56
643396,Isiah Kiner-Falefa,22,4,0,1,1,2,0.19,0.227,0.19,0.417
682641,Luis Matos,22,4,0,1,0,2,0.19,0.227,0.238,0.465
805808,Kevin McGonigle,27,4,1,4,6,4,0.19,0.37,0.333,0.703
666160,Mickey Moniak,22,4,0,2,0,8,0.19,0.182,0.19,0.372
700250,Ben Rice,22,4,1,1,1,6,0.19,0.227,0.429,0.656
641598,Mitch Garver,19,3,1,2,2,9,0.188,0.263,0.438,0.701
664040,Brandon Lowe,18,3,0,0,2,5,0.188,0.278,0.188,0.466
669304,Jose Miranda,18,3,1,2,1,4,0.188,0.278,0.375,0.653
664238,Dylan Moore,18,3,0,3,2,3,0.188,0.278,0.188,0.466
808959,Munetaka Murakami,18,3,1,1,2,3,0.188,0.278,0.375,0.653
592626,Joc Pederson,19,3,1,1,2,9,0.188,0.316,0.375,0.691
645277,Ozzie Albies,24,4,0,3,2,4,0.182,0.25,0.273,0.523
805811,Bryce Eldridge,13,2,0,1,2,6,0.182,0.308,0.273,0.581
680869,Zack Gelof,14,2,0,0,3,2,0.182,0.357,0.182,0.539
645444,Jose Herrera,11,2,0,0,0,4,0.182,0.182,0.182,0.364
643376,Danny Jansen,14,2,0,4,3,5,0.182,0.357,0.364,0.721
800325,Luis Lara,12,2,0,3,1,3,0.182,0.25,0.182,0.432
690914,Brody Moore,13,2,0,1,0,2,0.182,0.182,0.273,0.455
671218,Heliot Ramos,12,2,0,1,0,3,0.182,0.167,0.364,0.531
669222,Nick Senzel,14,2,1,3,3,4,0.182,0.357,0.455,0.812
669257,Will Smith,11,2,0,1,0,6,0.182,0.182,0.273,0.455
672613,Eliezer Alfonzo,17,3,0,2,0,5,0.176,0.176,0.294,0.47
592273,Brandon Drury,18,3,1,3,0,6,0.176,0.222,0.353,0.575
624428,Adam Frazier,24,3,0,3,6,3,0.176,0.391,0.294,0.685
671739,Michael Harris II,18,3,0,2,0,2,0.176,0.167,0.176,0.343
664731,P.J. Higgins,21,3,1,4,4,5,0.176,0.333,0.353,0.686
641820,Trey Mancini,20,3,0,1,3,3,0.176,0.3,0.294,0.594
678554,Curtis Mead,18,3,1,1,1,5,0.176,0.222,0.471,0.693
681351,Logan O'Hoppe,21,3,0,1,4,5,0.176,0.333,0.294,0.627
621020,Dansby Swanson,17,3,0,3,0,6,0.176,0.176,0.235,0.411
665750,Leody Taveras,18,3,1,3,1,8,0.176,0.222,0.353,0.575
669707,Jared Triolo,17,3,0,1,0,5,0.176,0.176,0.294,0.47
677800,Wilyer Abreu,13,2,1,1,1,3,0.167,0.231,0.417,0.648
694351,Jacob Berry,10,1,0,0,4,1,0.167,0.5,0.167,0.667
683357,Owen Caissie,9,1,0,1,3,3,0.167,0.444,0.167,0.611
665856,Jair Camargo,6,1,0,0,0,2,0.167,0.167,0.333,0.5
605170,Victor Caratini,19,3,2,3,1,6,0.167,0.211,0.5,0.711
805062,Joan Delgado,6,1,0,0,0,3,0.167,0.167,0.333,0.5
671289,Tyler Freeman,9,1,0,0,2,0,0.167,0.444,0.167,0.611
502671,Paul Goldschmidt,14,2,0,0,1,4,0.167,0.286,0.25,0.536
829052,Breyson Guedez,7,1,1,2,0,2,0.167,0.143,0.667,0.81
809101,Tommy Hopfe,6,1,0,0,0,2,0.167,0.167,0.333,0.5
674441,Jacob Hurtubise,6,1,0,0,0,2,0.167,0.167,0.167,0.334
702140,Ruben Ibarra,7,1,0,0,1,3,0.167,0.286,0.167,0.453
680577,DaShawn Keirsey Jr.,6,1,0,1,0,2,0.167,0.167,0.333,0.5
624512,Reese McGuire,18,3,1,1,0,6,0.167,0.167,0.389,0.556
689200,Jacob Melton,6,1,0,0,0,1,0.167,0.167,0.167,0.334
680636,Ramon Mendoza,18,2,2,3,6,6,0.167,0.444,0.667,1.111
701538,Jackson Merrill,20,3,0,2,2,3,0.167,0.25,0.278,0.528
695653,Noah Miller,6,1,0,0,0,4,0.167,0.167,0.167,0.334
681230,BJ Murray,16,2,0,0,4,6,0.167,0.375,0.167,0.542
665966,Carlos Narváez,19,3,1,5,1,5,0.167,0.211,0.333,0.544
693819,Kyle Nevin,6,1,0,0,0,2,0.167,0.167,0.167,0.334
685087,Jordan Nwogu,7,1,0,0,1,2,0.167,0.286,0.167,0.453
675394,Johnny Olmstead,6,1,0,0,0,2,0.167,0.167,0.167,0.334
694673,Abimelec Ortiz,7,1,0,0,1,3,0.167,0.286,0.167,0.453
801442,Jack Pineda,6,1,0,0,0,1,0.167,0.167,0.167,0.334
805672,Collin Price,7,1,0,0,1,3,0.167,0.286,0.167,0.453
692405,Jeremy Rivas,6,1,0,2,0,1,0.167,0.167,0.333,0.5
663967,César Salazar,8,1,0,0,1,1,0.167,0.375,0.333,0.708
691594,Javier Sanoja,6,1,0,0,0,1,0.167,0.167,0.167,0.334
689531,Brett Squires,6,1,1,1,0,1,0.167,0.167,0.667,0.834
665487,Fernando Tatis Jr.,10,1,0,2,3,4,0.167,0.5,0.333,0.833
686475,Tyler Tolbert,13,2,0,0,1,4,0.167,0.231,0.25,0.481
679529,Spencer Torkelson,25,4,2,5,0,3,0.167,0.2,0.458,0.658
683061,Alexander Vargas,6,1,0,0,0,2,0.167,0.167,0.167,0.334
678246,Miguel Vargas,26,3,0,3,6,3,0.167,0.346,0.333,0.679
668723,Ryan Vilade,21,3,1,1,2,3,0.167,0.286,0.333,0.619
622268,Donovan Walton,13,2,0,0,1,1,0.167,0.231,0.167,0.398
671221,Drew Waters,12,2,0,1,0,4,0.167,0.167,0.167,0.334
669717,Will Wilson,9,1,0,1,3,3,0.167,0.444,0.167,0.611
518595,Travis d'Arnaud,8,1,0,0,2,3,0.167,0.375,0.167,0.542
641355,Cody Bellinger,21,3,0,2,0,5,0.158,0.19,0.263,0.453
681297,Colton Cowser,23,3,1,3,3,10,0.158,0.304,0.368,0.672
663757,Trent Grisham,23,3,0,0,4,6,0.158,0.304,0.158,0.462
695600,Carter Jensen,22,3,1,3,3,5,0.158,0.273,0.316,0.589
596019,Francisco Lindor,20,3,0,0,1,4,0.158,0.2,0.158,0.358
656716,Zach McKinstry,20,3,0,0,1,3,0.158,0.2,0.158,0.358
700337,Edgar Quero,23,3,0,4,4,3,0.158,0.304,0.158,0.462
677870,Leo Jiménez,13,2,0,1,0,4,0.154,0.154,0.154,0.308
686780,Pedro Pagés,13,2,0,0,0,4,0.154,0.154,0.154,0.308
665861,Sebastián Rivero,17,2,0,2,1,3,0.154,0.353,0.154,0.507
668942,Josh Rojas,15,2,0,0,2,2,0.154,0.267,0.231,0.498
596117,Garrett Stubbs,18,2,0,1,3,4,0.154,0.389,0.154,0.543
695578,James Wood,28,4,1,1,2,11,0.154,0.214,0.308,0.522
609280,Miguel Andujar,22,3,1,7,0,5,0.15,0.136,0.3,0.436
656811,Ryan O'Hearn,22,3,0,1,2,5,0.15,0.227,0.2,0.427
678894,Liover Peguero,20,3,0,4,0,8,0.15,0.15,0.3,0.45
665846,Jesús Bastidas,14,2,0,0,0,3,0.143,0.143,0.143,0.286
624415,Cavan Biggio,16,2,0,3,2,6,0.143,0.25,0.143,0.393
695508,Cameron Cauley,10,1,0,0,3,1,0.143,0.4,0.143,0.543
702693,Jaison Chourio,7,1,0,1,0,2,0.143,0.143,0.429,0.572
642731,Thairo Estrada,7,1,0,0,0,4,0.143,0.143,0.143,0.286
681047,Christian Franklin,14,2,0,0,0,5,0.143,0.143,0.143,0.286
656484,Tristan Gray,22,3,0,1,1,7,0.143,0.182,0.143,0.325
683427,Omar Hernandez,7,1,0,1,0,0,0.143,0.143,0.143,0.286
815873,Sean Keys,8,1,0,0,1,2,0.143,0.25,0.143,0.393
670224,Kameron Misner,7,1,0,0,0,2,0.143,0.143,0.143,0.286
666624,Christopher Morel,17,2,0,2,3,3,0.143,0.294,0.143,0.437
621512,Tomás Nido,8,1,0,0,1,2,0.143,0.25,0.143,0.393
691011,Drew Romo,7,1,0,0,0,3,0.143,0.143,0.286,0.429
660688,Keibert Ruiz,16,2,0,1,1,0,0.143,0.25,0.143,0.393
467793,Carlos Santana,15,2,0,1,1,2,0.143,0.2,0.143,0.343
676914,Davis Schneider,16,2,0,1,1,6,0.143,0.188,0.143,0.331
686445,Sammy Siani,7,1,0,0,0,2,0.143,0.143,0.143,0.286
701358,Cam Smith,16,2,0,0,1,2,0.143,0.25,0.214,0.464
677060,Chad Stevens,19,2,0,0,4,8,0.143,0.368,0.143,0.511
677588,José Tena,22,3,0,0,1,5,0.143,0.182,0.143,0.325
657041,Lane Thomas,19,2,1,3,4,5,0.143,0.316,0.357,0.673
602104,Ramón Urías,9,1,1,1,2,2,0.143,0.333,0.571,0.904
670764,Taylor Walls,9,1,0,0,2,2,0.143,0.333,0.143,0.476
802139,JJ Wetherholt,16,2,0,1,1,3,0.143,0.188,0.143,0.331
804606,Konnor Griffin,17,2,1,1,2,7,0.133,0.235,0.333,0.568
689414,Liam Hicks,16,2,0,1,1,1,0.133,0.188,0.133,0.321
680757,Steven Kwan,22,2,0,0,7,4,0.133,0.409,0.333,0.742
682622,Noelvi Marte,23,3,2,3,0,8,0.13,0.13,0.391,0.521
642715,Willy Adames,18,2,0,3,1,5,0.125,0.167,0.25,0.417
703151,William Bergolla Jr.,8,1,0,0,0,2,0.125,0.125,0.125,0.25
695506,Jac Caglianone,9,1,0,0,1,4,0.125,0.222,0.125,0.347
682998,Corbin Carroll,18,2,1,1,2,7,0.125,0.222,0.313,0.535
672580,Maikel Garcia,10,1,0,0,2,2,0.125,0.3,0.25,0.55
671277,Luis García Jr.,24,3,0,0,0,8,0.125,0.125,0.125,0.25
671056,Iván Herrera,8,1,1,2,0,2,0.125,0.125,0.5,0.625
668952,Ryan Kreidler,17,2,0,0,0,3,0.125,0.125,0.125,0.25
668904,Royce Lewis,26,3,0,1,1,6,0.125,0.154,0.167,0.321
695657,Colson Montgomery,26,3,0,0,2,11,0.125,0.192,0.125,0.317
801464,Andrew Pintar,8,1,0,0,0,7,0.125,0.125,0.125,0.25
668670,Jake Rogers,11,1,0,1,2,4,0.125,0.273,0.125,0.398
672279,Michael Siani,9,1,0,0,1,1,0.125,0.222,0.125,0.347
642086,Dominic Smith,18,2,0,1,2,2,0.125,0.222,0.125,0.347
665742,Juan Soto,9,1,0,0,1,2,0.125,0.222,0.125,0.347
675455,Milan Tolentino,11,1,0,0,3,3,0.125,0.364,0.25,0.614
669224,Austin Wells,10,1,0,1,1,3,0.125,0.222,0.25,0.472
691026,Masyn Winn,20,2,0,0,4,4,0.125,0.3,0.125,0.425
621550,Patrick Wisdom,9,1,0,2,1,3,0.125,0.222,0.125,0.347
514888,Jose Altuve,17,2,0,1,0,8,0.118,0.118,0.118,0.236
676609,José Caballero,19,2,0,0,2,4,0.118,0.211,0.118,0.329
687263,Zach Neto,25,2,0,1,4,9,0.118,0.36,0.235,0.595
650968,Yohel Pozo,17,2,0,0,0,4,0.118,0.118,0.118,0.236
691369,Allan Castro,9,1,0,1,0,3,0.111,0.111,0.222,0.333
691907,Tsung-Che Cheng,12,1,0,0,3,7,0.111,0.333,0.111,0.444
686555,Isaac Collins,10,1,0,0,1,2,0.111,0.2,0.111,0.311
810838,Ryan Jackson,9,1,0,1,0,1,0.111,0.111,0.111,0.222
680700,Richie Palacios,11,1,0,0,2,1,0.111,0.273,0.222,0.495
660844,Leo Rivas,24,2,0,0,6,6,0.111,0.333,0.111,0.444
668930,Brice Turang,9,1,1,1,0,2,0.111,0.111,0.444,0.555
676679,Luis Vázquez,11,1,0,0,1,3,0.111,0.273,0.111,0.384
545341,Randal Grichuk,21,2,1,1,2,4,0.105,0.19,0.263,0.453
687462,Spencer Horwitz,21,2,1,1,2,2,0.105,0.19,0.263,0.453
672696,Francisco Acuna,14,1,1,1,3,4,0.1,0.357,0.4,0.757
624414,Christian Arroyo,11,1,1,2,1,3,0.1,0.182,0.4,0.582
677943,Will Banfield,11,1,0,0,1,3,0.1,0.182,0.2,0.382
680890,Jax Biggers,12,1,0,0,2,4,0.1,0.25,0.1,0.35
676391,Ernie Clement,10,1,0,0,0,3,0.1,0.1,0.1,0.2
686611,Dylan Crews,12,1,0,1,1,5,0.1,0.167,0.1,0.267
592325,Ben Gamel,10,1,0,0,0,6,0.1,0.1,0.2,0.3
690984,Petey Halpin,12,1,1,1,1,4,0.1,0.25,0.4,0.65
814307,Zyhir Hope,10,1,0,2,0,7,0.1,0.1,0.1,0.2
656577,Alex Jackson,12,1,0,0,2,1,0.1,0.25,0.2,0.45
672284,Jarred Kelenic,12,1,0,0,2,3,0.1,0.25,0.1,0.35
686469,Vinnie Pasquantino,10,1,0,0,0,0,0.1,0.1,0.1,0.2
688363,Graham Pauley,12,1,0,0,2,4,0.1,0.25,0.1,0.35
677951,Bobby Witt Jr.,10,1,0,0,0,4,0.1,0.1,0.2,0.3
681481,Kerry Carpenter,26,2,0,2,3,6,0.095,0.269,0.095,0.364
690976,Alex Freeland,26,2,1,3,4,7,0.095,0.231,0.238,0.469
607208,Trea Turner,25,2,0,1,4,5,0.095,0.24,0.143,0.383
592885,Christian Yelich,24,2,1,3,3,8,0.095,0.208,0.238,0.446
681962,Vinny Capra,12,1,0,0,1,4,0.091,0.167,0.091,0.258
663731,Connor Kaiser,11,1,1,1,0,8,0.091,0.091,0.364,0.455
691723,Coby Mayo,14,1,1,2,3,4,0.091,0.286,0.364,0.65
686452,Drew Millas,13,1,0,1,1,4,0.091,0.167,0.091,0.258
542208,Carlos Pérez,12,1,0,2,1,1,0.091,0.167,0.091,0.258
696285,Jacob Young,14,1,0,0,3,3,0.091,0.286,0.091,0.377
669326,Bryce Teodosio,27,2,0,0,2,6,0.087,0.16,0.087,0.247
676480,José Barrero,13,1,0,0,1,6,0.083,0.154,0.083,0.237
665561,Rafael Marchán,14,1,0,0,2,5,0.083,0.214,0.083,0.297
665923,Esteury Ruiz,13,1,0,2,0,4,0.083,0.077,0.083,0.16
675961,Alika Williams,16,1,0,2,3,3,0.083,0.25,0.083,0.333
676724,Jared Young,12,1,0,0,0,4,0.083,0.083,0.083,0.166
685744,Kenedy Corona,16,1,0,0,3,5,0.077,0.25,0.077,0.327
642215,Weston Wilson,14,1,0,1,0,5,0.077,0.143,0.154,0.297
663697,Jonathan India,16,1,0,0,2,3,0.071,0.188,0.143,0.331
670623,Isaac Paredes,15,1,0,0,1,7,0.071,0.133,0.143,0.276
672016,Denzel Clarke,16,1,0,0,1,4,0.067,0.125,0.133,0.258
605137,Josh Bell,20,1,0,1,3,4,0.063,0.25,0.125,0.375
676439,Hunter Feduccia,17,1,0,0,1,10,0.063,0.118,0.063,0.181
592206,Nick Castellanos,18,1,1,1,0,3,0.059,0.111,0.235,0.346
608701,Rob Refsnyder,21,1,0,1,2,9,0.059,0.238,0.118,0.356
643446,Jeff McNeil,19,1,0,0,1,0,0.056,0.105,0.056,0.161
665953,Andrés Chaparro,22,1,0,0,2,7,0.05,0.136,0.1,0.236
669003,Garrett Mitchell,24,1,0,3,2,11,0.045,0.125,0.091,0.216
668901,Mark Vientos,23,1,1,1,1,5,0.045,0.087,0.182,0.269
834685,Angel Abreu,2,0,0,0,1,0,0.0,0.5,0.0,0.5
808094,Jhorvic Abreus,0,0,0,0,0,0,0.0,0.0,0.0,0.0
694193,Victor Acosta,1,0,0,0,0,0,0.0,0.0,0.0,0.0
702726,Luke Adams,6,0,0,2,3,0,0.0,0.5,0.0,0.5
816339,Bohan Adderley,1,0,0,0,0,1,0.0,0.0,0.0,0.0
694757,Maui Ahuna,3,0,0,0,0,1,0.0,0.0,0.0,0.0
814131,Derik Alcantara,3,0,0,1,1,1,0.0,0.333,0.0,0.333
694580,Kemp Alderman,11,0,0,1,0,5,0.0,0.0,0.0,0.0
701660,Edgar Alfonso,3,0,0,0,1,1,0.0,0.333,0.0,0.333
814450,Wehiwa Aloy,1,0,0,0,0,0,0.0,0.0,0.0,0.0
800434,Jose Alpuria,2,0,0,0,0,0,0.0,0.0,0.0,0.0
820986,Hayden Alvarez,1,0,0,0,0,0,0.0,0.0,0.0,0.0
829037,Kevin Alvarez,3,0,0,0,0,1,0.0,0.0,0.0,0.0
691182,Adael Amador,1,0,0,0,0,0,0.0,0.0,0.0,0.0
821262,José Anderson,1,0,0,0,0,1,0.0,0.0,0.0,0.0
800182,Bryan Andrade,2,0,0,0,0,1,0.0,0.0,0.0,0.0
683494,Euribiel Angeles,0,0,0,0,0,0,0.0,0.0,0.0,0.0
690443,Mike Antico,0,0,0,0,0,0,0.0,0.0,0.0,0.0
814453,Nathan Archer,3,0,0,0,1,1,0.0,0.333,0.0,0.333
811551,Isael Arias,0,0,0,0,0,0,0.0,0.0,0.0,0.0
703202,Leandro Arias,0,0,0,0,0,0,0.0,0.0,0.0,0.0
811323,Luis Arias,1,0,0,0,0,0,0.0,0.0,0.0,0.0
815897,Robert Arias,0,0,0,0,0,0,0.0,0.0,0.0,0.0
703149,Roderick Arias,2,0,0,0,2,0,0.0,1.0,0.0,1.0
813666,Ariel Armas,1,0,0,0,0,0,0.0,0.0,0.0,0.0
683301,Bryce Arnold,3,0,0,0,1,2,0.0,0.333,0.0,0.333
701360,Chris Arroyo,0,0,0,0,0,0,0.0,0.0,0.0,0.0
695490,Edwin Arroyo,2,0,0,0,0,2,0.0,0.0,0.0,0.0
692348,Aeverson Arteaga,1,0,0,1,0,0,0.0,0.0,0.0,0.0
701778,Jace Avina,1,0,0,0,0,0,0.0,0.0,0.0,0.0
800384,Nicandro Aybar,1,0,0,0,0,1,0.0,0.0,0.0,0.0
664056,Harrison Bader,6,0,0,0,1,4,0.0,0.167,0.0,0.167
800345,Juan Baez,6,0,0,0,1,0,0.0,0.167,0.0,0.167
686960,Nate Baez,1,0,0,0,0,0,0.0,1.0,0.0,1.0
681333,Dru Baker,2,0,0,0,0,1,0.0,0.0,0.0,0.0
699114,Leo Balcazar,3,0,0,0,0,0,0.0,0.0,0.0,0.0
814154,Scott Bandura,0,0,0,0,0,0,0.0,0.0,0.0,0.0
805371,Junior Barajas,0,0,0,0,0,0,0.0,0.0,0.0,0.0
835716,Jack Barker,1,0,0,0,0,0,0.0,0.0,0.0,0.0
701373,Isaiah Barkett,0,0,0,0,0,0,0.0,0.0,0.0,0.0
668663,Tres Barrera,3,0,0,0,1,0,0.0,0.333,0.0,0.333
808903,Emilio Barreras,2,0,0,0,0,1,0.0,0.0,0.0,0.0
677319,Cameron Barstad,0,0,0,0,0,0,0.0,0.0,0.0,0.0
821614,Andry Batista,1,0,0,0,0,1,0.0,0.0,0.0,0.0
820984,Israfell Bautista,2,0,0,0,0,0,0.0,0.0,0.0,0.0
700083,John Bay,0,0,0,0,0,0,0.0,0.0,0.0,0.0
800305,Jesús  Baéz,1,0,0,0,0,0,0.0,0.0,0.0,0.0
813851,Colton Becker,1,0,0,0,0,1,0.0,0.0,0.0,0.0
815074,Derek Berg,2,0,0,0,1,1,0.0,0.5,0.0,0.5
800204,Derek Bernard,0,0,0,0,0,0,0.0,0.0,0.0,0.0
829870,Freiker Betencourt,0,0,0,0,0,0,0.0,0.0,0.0,0.0
680994,Nick Biddison,0,0,0,0,0,0,0.0,0.0,0.0,0.0
694425,Justice Bigbie,1,0,0,0,0,0,0.0,0.0,0.0,0.0
836061,George Bilecki,0,0,0,0,0,0,0.0,0.0,0.0,0.0
681323,Alex Binelas,3,0,0,0,1,1,0.0,0.333,0.0,0.333
800724,Eric Bitonti,1,0,0,0,0,1,0.0,0.0,0.0,0.0
680118,Dairon Blanco,6,0,0,0,1,2,0.0,0.167,0.0,0.167
701520,Bobby Blandford,1,0,0,0,0,1,0.0,0.0,0.0,0.0
690957,Jace Bohrofen,1,0,0,0,0,0,0.0,0.0,0.0,0.0
804119,Bobby Boser,3,0,0,0,1,2,0.0,0.333,0.0,0.333
688449,TT Bowens,2,0,0,0,1,0,0.0,0.5,0.0,0.5
690958,Drew Bowser,2,0,0,0,0,2,0.0,0.0,0.0,0.0
690961,Enrique Bradfield Jr.,8,0,0,0,4,1,0.0,0.571,0.0,0.571
695426,Spencer Bramwell,2,0,0,1,1,0,0.0,0.5,0.0,0.5
809720,Damian Bravo,0,0,0,0,0,0,0.0,0.0,0.0,0.0
677007,Josh Breaux,0,0,0,0,0,0,0.0,0.0,0.0,0.0
814442,Ivan Brethowr,1,0,0,0,0,1,0.0,0.0,0.0,0.0
681146,Jonah Bride,14,0,0,1,1,2,0.0,0.071,0.0,0.071
684081,Erick Brito,2,0,0,1,0,0,0.0,0.0,0.0,0.0
682877,Juan Brito,8,0,0,1,1,4,0.0,0.125,0.0,0.125
821041,Roldy Brito,5,0,0,1,1,0,0.0,0.2,0.0,0.2
683149,Julian Brock,1,0,0,0,0,0,0.0,0.0,0.0,0.0
690962,Michael Brooks,0,0,0,0,0,0,0.0,0.0,0.0,0.0
806394,Robert Brooks,1,0,0,0,1,0,0.0,1.0,0.0,1.0
672018,Dasan Brown,5,0,0,0,0,1,0.0,0.0,0.0,0.0
664913,Seth Brown,10,0,0,1,1,5,0.0,0.1,0.0,0.1
815755,Kevin Bruggeman,3,0,0,0,0,0,0.0,0.0,0.0,0.0
827759,Daniel Bucciero,4,0,0,0,1,0,0.0,0.25,0.0,0.25
683454,Brayan Buelvas,3,0,0,0,1,1,0.0,0.333,0.0,0.333
689878,Colin Burgess,1,0,0,0,0,1,0.0,0.0,0.0,0.0
804240,Jacob Burke,4,0,0,0,0,2,0.0,0.0,0.0,0.0
686196,Peter Burns,2,0,0,0,0,0,0.0,0.0,0.0,0.0
661733,Max Burt,1,0,0,0,1,0,0.0,1.0,0.0,1.0
806978,Robert Calaz,5,0,0,1,0,2,0.0,0.0,0.0,0.0
687730,Caleb Cali,2,0,0,0,0,1,0.0,0.0,0.0,0.0
821156,Carl Calixte,1,0,0,0,0,0,0.0,0.0,0.0,0.0
702472,Austin Callahan,1,0,0,0,0,1,0.0,0.0,0.0,0.0
680519,Mario Camilletti,2,0,0,0,0,2,0.0,0.0,0.0,0.0
694749,Dylan Campbell,0,0,0,0,0,0,0.0,0.0,0.0,0.0
691449,Roberto Campos,0,0,0,0,0,0,0.0,0.0,0.0,0.0
703448,Cam Cannarella,1,0,0,0,0,0,0.0,0.0,0.0,0.0
826928,Owen Carey,0,0,0,0,0,0,0.0,0.0,0.0,0.0
702695,Easton Carmichael,1,0,0,0,0,1,0.0,0.0,0.0,0.0
694497,Evan Carter,19,0,0,1,5,5,0.0,0.263,0.0,0.263
814457,Jake Casey,1,0,0,0,0,1,0.0,0.0,0.0,0.0
683353,Connor Caskenette,1,0,0,0,0,1,0.0,0.0,0.0,0.0
691913,Jesus Castillo,2,0,0,0,0,0,0.0,0.0,0.0,0.0
800203,Kevyn Castillo,3,0,0,0,0,1,0.0,0.0,0.0,0.0
699127,Luis Castillo,2,0,0,0,0,0,0.0,0.0,0.0,0.0
806980,Angel Cepeda,4,0,0,0,0,2,0.0,0.0,0.0,0.0
822177,Jose Cerice,2,0,0,0,0,1,0.0,0.0,0.0,0.0
800051,Austin Charles,2,0,0,0,0,2,0.0,0.0,0.0,0.0
669413,Frainyer Chavez,0,0,0,0,0,0,0.0,0.0,0.0,0.0
656308,Michael Chavis,3,0,0,0,0,0,0.0,0.0,0.0,0.0
800231,Won-Bin Cho,1,0,0,0,0,1,0.0,0.0,0.0,0.0
807994,Jeremy Ciriaco,0,0,0,0,0,0,0.0,0.0,0.0,0.0
703601,Max Clark,1,0,0,0,1,0,0.0,1.0,0.0,1.0
800712,Wallace Clark,6,0,0,0,0,1,0.0,0.0,0.0,0.0
682729,Jonatan Clase,4,0,0,0,1,0,0.0,0.25,0.0,0.25
701784,Cam Clayton,1,0,0,0,0,0,0.0,0.0,0.0,0.0
687714,Jackson Cluff,2,0,0,0,0,1,0.0,0.0,0.0,0.0
686540,Owen Cobb,1,0,0,0,0,1,0.0,0.0,0.0,0.0
701906,Trevor Cohen,0,0,0,0,0,0,0.0,0.0,0.0,0.0
696501,Mark Coley II,1,0,0,0,0,1,0.0,0.0,0.0,0.0
694563,Harold Coll,1,0,0,0,0,0,0.0,0.0,0.0,0.0
690970,Corey Collins,3,0,0,0,1,0,0.0,0.667,0.0,0.667
683569,Jose Colmenares,0,0,0,0,0,0,0.0,0.0,0.0,0.0
694181,Carlos Colmenarez,1,0,0,0,0,1,0.0,0.0,0.0,0.0
686541,Drew Compton,6,0,0,0,1,1,0.0,0.167,0.0,0.167
687262,Jorge Corona,0,0,0,0,0,0,0.0,0.0,0.0,0.0
666126,Carlos Cortes,10,0,0,2,0,3,0.0,0.0,0.0,0.0
800432,Felix Cotes,1,0,0,0,0,1,0.0,0.0,0.0,0.0
815909,Luis Cova,0,0,0,0,0,0,0.0,0.0,0.0,0.0
702685,Brenner Cox,1,0,0,0,0,0,0.0,1.0,0.0,1.0
813841,Jonah Cox,0,0,0,0,0,0,0.0,0.0,0.0,0.0
695524,Jacob Cozart,1,0,0,1,0,0,0.0,0.0,0.0,0.0
702679,Demetrio Crisantes,6,0,0,1,0,2,0.0,0.0,0.0,0.0
806401,Dayson Croes,0,0,0,0,0,0,0.0,0.0,0.0,0.0
691718,Pete Crow-Armstrong,8,0,0,0,1,2,0.0,0.125,0.0,0.125
694182,Armando Cruz,1,0,0,0,0,1,0.0,0.0,0.0,0.0
800476,John Cruz,2,0,0,0,0,1,0.0,0.0,0.0,0.0
694227,Danyer Cueva,1,0,0,0,0,1,0.0,0.0,0.0,0.0
800433,Elis Cuevas,1,0,0,0,0,1,0.0,0.0,0.0,0.0
699293,Yohairo Cuevas,2,0,0,0,0,2,0.0,0.0,0.0,0.0
806053,Dean Curley,3,0,0,0,0,2,0.0,0.0,0.0,0.0
683490,J.J. D'Orazio,1,0,0,0,0,0,0.0,0.0,0.0,0.0
815195,Wilder Dalis,1,0,0,0,0,0,0.0,0.0,0.0,0.0
809633,Michael Dattalo,0,0,0,0,0,0,0.0,0.0,0.0,0.0
695527,Ian Daugherty,0,0,0,0,0,0,0.0,0.0,0.0,0.0
804560,Charles Davalan,6,0,0,0,1,1,0.0,0.333,0.0,0.333
829058,Gabriel Davalillo,5,0,0,0,1,1,0.0,0.2,0.0,0.2
669722,Logan Davidson,10,0,0,0,0,6,0.0,0.0,0.0,0.0
690971,Chase Davis,0,0,0,0,0,0,0.0,0.0,0.0,0.0
800953,Brady Day,2,0,0,1,0,1,0.0,0.0,0.0,0.0
701764,Cam Day,0,0,0,0,0,0,0.0,0.0,0.0,0.0
807987,Alessander De La Cruz,1,0,0,0,0,0,0.0,0.0,0.0,0.0
698945,Anderson De Los Santos,2,0,0,0,0,1,0.0,0.0,0.0,0.0
703154,Yordany De Los Santos,2,0,0,0,0,1,0.0,0.0,0.0,0.0
808067,Branny De Oleo,4,0,0,0,0,3,0.0,0.0,0.0,0.0
691410,Jose Devers,3,0,0,0,0,2,0.0,0.0,0.0,0.0
691252,Jhon Diaz,2,0,0,0,0,1,0.0,0.0,0.0,0.0
695538,Randal Diaz,2,0,0,0,0,1,0.0,0.0,0.0,0.0
815039,Dustin Dickerson,2,0,0,0,2,0,0.0,1.0,0.0,1.0
702668,Korbyn Dickerson,2,0,0,0,0,0,0.0,0.0,0.0,0.0
815380,Luke Dickerson,1,0,0,0,0,0,0.0,0.0,0.0,0.0
801406,Jared Dickey,5,0,0,0,1,2,0.0,0.2,0.0,0.2
807267,JD Dix,5,0,0,0,0,0,0.0,0.2,0.0,0.2
823719,Ramiro Dominguez,2,0,0,0,0,0,0.0,0.0,0.0,0.0
699061,Rayne Doncon,4,0,0,0,0,3,0.0,0.0,0.0,0.0
823703,Anthony Donofrio,2,0,0,0,0,2,0.0,0.0,0.0,0.0
826163,Carter Dorighi,2,0,0,0,0,1,0.0,0.0,0.0,0.0
683103,Cade Doughty,2,0,0,1,0,1,0.0,0.0,0.0,0.0
694362,Blake Dunn,6,0,0,0,1,2,0.0,0.167,0.0,0.167
806957,Alfredo Duno,5,0,0,0,1,3,0.0,0.2,0.0,0.2
702750,Edinson Duran,1,0,0,0,0,1,0.0,0.0,0.0,0.0
828589,Max Durrington,2,0,0,0,0,1,0.0,0.0,0.0,0.0
835621,Konni Durschlag,0,0,0,0,0,0,0.0,0.0,0.0,0.0
694469,Bryce Eblin,2,0,0,0,1,0,0.0,0.5,0.0,0.5
814696,Jaron Elkins,6,0,0,0,1,3,0.0,0.167,0.0,0.167
686499,Clark Elliott,7,0,0,1,2,1,0.0,0.571,0.0,0.571
703175,Freili Encarnacion,1,0,0,0,0,0,0.0,0.0,0.0,0.0
699043,Yamal Encarnacion,1,0,0,0,0,1,0.0,0.0,0.0,0.0
699031,Anyelo Encarnación,2,0,0,0,0,2,0.0,0.0,0.0,0.0
800169,Aroon Escobar,0,0,0,0,0,0,0.0,0.0,0.0,0.0
692371,Lizandro Espinoza,2,0,0,0,0,1,0.0,0.0,0.0,0.0
683546,Albert Fabian,2,0,0,0,0,0,0.0,0.0,0.0,0.0
802531,Trent Farquhar,3,0,0,0,1,0,0.0,0.333,0.0,0.333
815925,Adbiel Feliz,0,0,0,0,0,0,0.0,0.0,0.0,0.0
692031,George Feliz,0,0,0,0,0,0,0.0,0.0,0.0,0.0
681495,Cade Fergus,3,0,0,0,1,0,0.0,0.667,0.0,0.667
681132,Max Ferguson,8,0,0,0,0,2,0.0,0.0,0.0,0.0
821112,Anderson Fermin,2,0,0,0,0,2,0.0,0.0,0.0,0.0
821171,Dauri Fernandez,3,0,0,0,1,0,0.0,0.333,0.0,0.333
821180,Ilan Fernandez,0,0,0,0,0,0,0.0,0.0,0.0,0.0
691558,Yeiner Fernandez,1,0,0,0,0,0,0.0,0.0,0.0,0.0
695634,Jaime Ferrer,1,0,0,0,0,1,0.0,0.0,0.0,0.0
814299,Pascanel Ferreras,1,0,0,0,0,1,0.0,0.0,0.0,0.0
815723,Jadyn Fielder,1,0,0,0,0,1,0.0,0.0,0.0,0.0
814504,Dylan Fien,1,0,0,0,0,0,0.0,0.0,0.0,0.0
821599,Daniel Flames,0,0,0,0,0,0,0.0,0.0,0.0,0.0
807083,Nathan Flewelling,2,0,0,0,0,2,0.0,0.0,0.0,0.0
703602,Jalin Flores,2,0,0,0,0,0,0.0,0.0,0.0,0.0
804668,Rafael Flores Jr.,12,0,0,0,3,4,0.0,0.25,0.0,0.25
807720,Garret Forrester,1,0,0,0,0,0,0.0,0.0,0.0,0.0
679822,Justin Foscue,9,0,0,0,1,4,0.0,0.111,0.0,0.111
695780,Jake Fox,3,0,0,0,1,0,0.0,0.333,0.0,0.333
821613,Luis Fragoza,1,0,0,0,0,1,0.0,0.0,0.0,0.0
691285,Junior Franco,1,0,0,0,0,1,0.0,0.0,0.0,0.0
815438,Jesus Freitez,0,0,0,0,0,0,0.0,0.0,0.0,0.0
801501,Nate Furman,4,0,0,0,0,0,0.0,0.0,0.0,0.0
702068,Cole Gabrielson,3,0,0,0,1,2,0.0,0.333,0.0,0.333
801039,John Garcia,0,0,0,0,0,0,0.0,0.0,0.0,0.0
687284,Thomas Gavello,0,0,0,0,0,0,0.0,0.0,0.0,0.0
695372,Jake Gelof,3,0,0,0,1,1,0.0,0.333,0.0,0.333
702025,Harry Genth,2,0,0,0,1,1,0.0,0.5,0.0,0.5
825582,Nate George,2,0,0,0,0,1,0.0,0.0,0.0,0.0
829699,Marconi German,0,0,0,0,0,0,0.0,0.0,0.0,0.0
800510,Samuel Gil,0,0,0,0,0,0,0.0,0.0,0.0,0.0
815394,Theo Gillen,3,0,0,0,1,0,0.0,0.333,0.0,0.333
687554,DJ Gladney,1,0,0,0,0,1,0.0,0.0,0.0,0.0
801726,Santiago Gomez,0,0,0,0,0,0,0.0,0.0,0.0,0.0
687206,Tres Gonzalez,2,0,0,0,0,1,0.0,0.0,0.0,0.0
694378,Jacob Gonzalez,5,0,0,0,0,1,0.0,0.0,0.0,0.0
806083,J.D. Gonzalez,1,0,0,0,0,0,0.0,0.0,0.0,0.0
800357,Ricardo Gonzalez,1,0,0,0,0,0,0.0,0.0,0.0,0.0
800959,Nick Goodwin,0,0,0,0,0,0,0.0,0.0,0.0,0.0
689931,Peyton Graham,1,0,0,0,1,0,0.0,1.0,0.0,1.0
694732,Clayton Gray,1,0,0,1,0,0,0.0,0.0,0.0,0.0
828685,Taitn Gray,2,0,0,0,0,2,0.0,0.0,0.0,0.0
809719,Austin Green,0,0,0,0,0,0,0.0,0.0,0.0,0.0
701327,Elijah Green,1,0,0,0,0,0,0.0,0.0,0.0,0.0
700243,Payton Green,1,0,0,0,0,0,0.0,0.0,0.0,0.0
800370,Eduardo Guerrero,1,0,0,0,0,0,0.0,0.0,0.0,0.0
694206,Daniel Guilarte,2,0,0,0,1,1,0.0,0.5,0.0,0.5
813668,Jack Gurevitch,0,0,0,0,0,0,0.0,0.0,0.0,0.0
836075,Carter Gwost,0,0,0,0,0,0,0.0,0.0,0.0,0.0
829162,Steele Hall,3,0,0,0,0,2,0.0,0.0,0.0,0.0
815152,Theo Hardy,3,0,0,1,2,0,0.0,0.667,0.0,0.667
702629,Gage Harrelson,1,0,0,0,1,0,0.0,1.0,0.0,1.0
807080,Eric Hartman,2,0,0,0,1,0,0.0,0.5,0.0,0.5
815824,Josiah Hartshorn,3,0,0,0,1,1,0.0,0.333,0.0,0.333
702977,Dillon Head,2,0,0,0,0,1,0.0,0.0,0.0,0.0
806120,Kyle Henley,1,0,0,0,0,0,0.0,0.0,0.0,0.0
802082,Julio Henriquez,1,0,0,0,0,0,0.0,0.0,0.0,0.0
699712,Raylin Heredia,2,0,0,0,0,2,0.0,0.0,0.0,0.0
698929,Jesus Hernandez,0,0,0,0,0,0,0.0,0.0,0.0,0.0
694204,Maikol Hernández,2,0,0,0,0,2,0.0,0.0,0.0,0.0
821075,Merphy Hernandez,2,0,0,0,0,0,0.0,0.0,0.0,0.0
829791,Miguel Hernández,1,0,0,0,1,0,0.0,1.0,0.0,1.0
660634,Yonny Hernández,4,0,0,0,0,1,0.0,0.0,0.0,0.0
821696,Kendrick Herrera,1,0,0,0,0,1,0.0,0.0,0.0,0.0
703191,Yilber Herrera,1,0,0,1,0,0,0.0,0.0,0.0,0.0
687208,Nathan Hickey,8,0,0,0,2,2,0.0,0.25,0.0,0.25
676551,Brewer Hicklen,4,0,0,0,1,1,0.0,0.25,0.0,0.25
826932,Cobb Hightower,1,0,0,0,0,0,0.0,0.0,0.0,0.0
677338,GJ Hill,6,0,0,0,0,0,0.0,0.0,0.0,0.0
806367,Turner Hill,0,0,0,0,0,0,0.0,0.0,0.0,0.0
680713,P.J. Hilson,0,0,0,0,0,0,0.0,0.0,0.0,0.0
688871,Jacob Hinderleider,1,0,0,0,0,1,0.0,0.0,0.0,0.0
669374,Keston Hiura,1,0,0,0,0,1,0.0,0.0,0.0,0.0
815787,Ethan Holliday,2,0,0,0,0,2,0.0,0.0,0.0,0.0
802959,Max Holy,1,0,0,0,0,1,0.0,0.0,0.0,0.0
701689,Vance Honeycutt,2,0,0,0,0,1,0.0,0.0,0.0,0.0
802469,Travis Honeyman,1,0,0,0,0,0,0.0,0.0,0.0,0.0
806124,Colin Houck,1,0,0,0,0,1,0.0,0.0,0.0,0.0
806368,Maddux Houghton,2,0,0,0,0,0,0.0,0.0,0.0,0.0
827628,Garrett Howe,2,0,0,0,0,0,0.0,0.5,0.0,0.5
805953,Anthony Huezo,1,0,0,0,0,1,0.0,0.0,0.0,0.0
680770,Chance Huff,0,0,0,0,0,0,0.0,0.0,0.0,0.0
669087,Sam Huff,5,0,0,0,2,1,0.0,0.4,0.0,0.4
814410,Jacob Humphrey,3,0,0,1,2,0,0.0,0.667,0.0,0.667
801537,Nathan Humphreys,3,0,0,0,0,3,0.0,0.0,0.0,0.0
687192,Cade Hunter,3,0,0,0,0,1,0.0,0.0,0.0,0.0
694815,Jack Hurley,2,0,0,0,1,0,0.0,0.5,0.0,0.5
694876,Cooper Ingle,1,0,0,0,0,1,0.0,0.0,0.0,0.0
702610,Ike Irish,1,0,0,0,0,0,0.0,0.0,0.0,0.0
692110,Core Jackson,1,0,0,0,0,0,0.0,0.0,0.0,0.0
826142,JoJo Jackson,0,0,0,0,0,0,0.0,0.0,0.0,0.0
687553,Kamren James,1,0,0,0,0,0,0.0,0.0,0.0,0.0
690448,Mike Jarvis,2,0,0,0,1,0,0.0,0.5,0.0,0.5
814172,Chase Jaworsky,6,0,0,0,0,3,0.0,0.0,0.0,0.0
806128,Antonio Jimenez,4,0,0,0,2,0,0.0,0.5,0.0,0.5
800272,Manolfi Jimenez,2,0,0,0,0,1,0.0,0.0,0.0,0.0
815793,Carter Johnson,2,0,0,0,1,1,0.0,0.5,0.0,0.5
666194,Cooper Johnson,2,0,0,0,1,1,0.0,0.5,0.0,0.5
813386,Justin Johnson,2,0,0,0,0,1,0.0,0.0,0.0,0.0
800957,Brendan Jones,1,0,0,0,1,0,0.0,1.0,0.0,1.0
677342,Brock Jones,3,0,0,0,1,2,0.0,0.333,0.0,0.333
675659,Greg Jones,5,0,0,0,0,3,0.0,0.0,0.0,0.0
695069,Keith Jones II,1,0,0,0,0,0,0.0,0.0,0.0,0.0
702607,Dakota Jordan,2,0,0,0,0,1,0.0,0.0,0.0,0.0
682119,Levi Jordan,0,0,0,0,0,0,0.0,0.0,0.0,0.0
694444,Tavian Josenberger,2,0,0,0,0,1,0.0,0.0,0.0,0.0
703159,Simon Juan,2,0,0,0,0,0,0.0,0.0,0.0,0.0
687260,Brian Kalmer,3,0,0,0,0,0,0.0,0.0,0.0,0.0
701682,Braedon Karpathios,4,0,0,1,1,1,0.0,0.25,0.0,0.25
694359,Niko Kavadas,4,0,0,0,0,3,0.0,0.0,0.0,0.0
814522,Caden Kendle,3,0,0,0,1,0,0.0,0.333,0.0,0.333
809763,Kaeden Kent,1,0,0,0,0,0,0.0,0.0,0.0,0.0
684715,Nic Kent,6,0,0,0,1,1,0.0,0.167,0.0,0.167
702264,Gavin Kilen,6,0,0,0,1,0,0.0,0.167,0.0,0.167
806739,Jayden Kim,0,0,0,0,0,0,0.0,0.0,0.0,0.0
695652,Eddie King Jr.,0,0,0,0,0,0,0.0,0.0,0.0,0.0
702601,Lamar King Jr.,2,0,0,0,0,2,0.0,0.0,0.0,0.0
703455,Skylar King,0,0,0,0,0,0,0.0,0.0,0.0,0.0
695692,Cooper Kinney,2,0,0,0,1,0,0.0,0.5,0.0,0.5
677008,Heston Kjerstad,11,0,0,0,0,5,0.0,0.0,0.0,0.0
681098,Bill Knight,1,0,0,0,0,0,0.0,0.0,0.0,0.0
694808,Zach Kokoska,2,0,0,0,0,1,0.0,0.0,0.0,0.0
689288,Matt Koperniak,6,0,0,0,1,2,0.0,0.167,0.0,0.167
672463,Rafael Lantigua,9,0,0,0,1,3,0.0,0.111,0.0,0.111
702906,Wilfredo Lara,1,0,0,0,0,0,0.0,0.0,0.0,0.0
681526,Bryan Lavastida,2,0,0,0,1,0,0.0,0.5,0.0,0.5
687751,Cortland Lawson,2,0,0,0,0,0,0.0,0.0,0.0,0.0
829748,Hyun Seung Lee,1,0,0,0,1,0,0.0,1.0,0.0,1.0
686984,Marcus Lee Sang,3,0,0,0,0,1,0.0,0.0,0.0,0.0
678760,Eddys Leonard,2,0,0,0,0,0,0.0,0.0,0.0,0.0
804241,Zach Levenson,0,0,0,0,0,0,0.0,0.0,0.0,0.0
694420,Tatem Levins,2,0,0,0,0,1,0.0,0.0,0.0,0.0
694175,Pedro León,6,0,0,0,2,1,0.0,0.5,0.0,0.5
699157,Ahbram Liendo,1,0,0,0,1,0,0.0,1.0,0.0,1.0
701800,Carlos Linarez,0,0,0,0,0,0,0.0,0.0,0.0,0.0
805763,Drake Logan,4,0,0,0,0,2,0.0,0.0,0.0,0.0
678099,Gavin Logan,2,0,0,0,1,0,0.0,1.0,0.0,1.0
701616,Caleb Lomavita,0,0,0,0,0,0,0.0,0.0,0.0,0.0
806146,George Lombard Jr.,1,0,0,0,0,1,0.0,0.0,0.0,0.0
664670,Alejo Lopez,1,0,0,0,0,0,0.0,0.0,0.0,0.0
812540,Qrey Lott,1,0,0,0,0,0,0.0,0.0,0.0,0.0
815654,Eli Lovich,3,0,0,0,0,1,0.0,0.0,0.0,0.0
821164,Yaxson Lucena,0,0,0,0,0,0,0.0,0.0,0.0,0.0
813930,Ivan Luciano,5,0,0,0,1,1,0.0,0.2,0.0,0.2
821113,Cesar Lugo,1,0,0,0,0,0,0.0,0.0,0.0,0.0
806997,Yerlin Luis,3,0,0,0,0,3,0.0,0.0,0.0,0.0
815121,Alexey Lumpuy,1,0,0,0,0,0,0.0,0.0,0.0,0.0
809860,Mason Lytle,2,0,0,0,1,0,0.0,0.5,0.0,0.5
822487,Zach MacDonald,1,0,0,0,1,0,0.0,1.0,0.0,1.0
680862,Willie MacIver,6,0,0,0,2,1,0.0,0.4,0.0,0.4
592518,Manny Machado,10,0,0,0,1,2,0.0,0.1,0.0,0.1
691571,Johan Macias,1,0,0,0,0,0,0.0,0.0,0.0,0.0
691788,Joe Mack,3,0,0,0,0,0,0.0,0.0,0.0,0.0
815908,Jesús Made,1,0,0,0,0,1,0.0,0.0,0.0,0.0
691183,Kevin Made,2,0,0,0,0,1,0.0,0.0,0.0,0.0
663611,Nick Madrigal,0,0,0,0,0,0,0.0,0.0,0.0,0.0
701342,Kendrey Maduro,1,0,0,0,0,0,0.0,1.0,0.0,1.0
701162,Ben Malgeri,2,0,0,0,0,1,0.0,0.5,0.0,0.5
807648,Naibel Mariano,0,0,0,0,0,0,0.0,0.0,0.0,0.0
805300,Jakob Marsee,7,0,0,0,0,2,0.0,0.0,0.0,0.0
807722,Maxton Martin,1,0,0,0,0,0,0.0,0.0,0.0,0.0
806152,Walker Martin,1,0,0,0,1,0,0.0,1.0,0.0,1.0
814452,Anthony Martinez,2,0,0,0,0,1,0.0,0.0,0.0,0.0
808115,Bryan Martinez,1,0,0,0,0,1,0.0,0.0,0.0,0.0
808159,Jonathan Martinez,3,0,0,1,1,1,0.0,0.333,0.0,0.333
800371,Larry Martinez,1,0,0,0,0,0,0.0,0.0,0.0,0.0
678636,Orlando Martinez,2,0,0,0,0,0,0.0,0.0,0.0,0.0
821690,Randy Martinez,2,0,0,0,0,0,0.0,0.0,0.0,0.0
667803,Ernesto Martinez Jr.,4,0,0,0,0,2,0.0,0.0,0.0,0.0
800377,Angel Mateo,1,0,0,0,0,1,0.0,0.0,0.0,0.0
801276,Juan Matheus,8,0,0,1,2,1,0.0,0.25,0.0,0.25
667240,Jason Matthews,4,0,0,0,2,1,0.0,0.5,0.0,0.5
807727,Charles McAdoo,6,0,0,0,0,0,0.0,0.0,0.0,0.0
806005,Ryan McCarty,1,0,0,0,0,1,0.0,0.0,0.0,0.0
701742,LeTrey McCollum,3,0,0,0,0,1,0.0,0.0,0.0,0.0
829643,Jacob McCombs,1,0,0,0,0,0,0.0,0.0,0.0,0.0
676801,Chas McCormick,3,0,0,0,0,2,0.0,0.0,0.0,0.0
801932,Alex McCoy,0,0,0,0,0,0,0.0,0.0,0.0,0.0
700178,Ryan McCoy,1,0,0,0,0,1,0.0,0.0,0.0,0.0
815151,Mac McCroskey,3,0,0,0,1,0,0.0,0.667,0.0,0.667
701734,Ryan McCrystal,3,0,0,0,0,0,0.0,0.0,0.0,0.0
823817,Jake McCutcheon,3,0,0,0,0,2,0.0,0.0,0.0,0.0
678093,Micah McDowell,1,0,0,0,0,1,0.0,0.0,0.0,0.0
692169,Jonny McGill,1,0,0,0,0,0,0.0,0.0,0.0,0.0
682192,Paul McIntosh,4,0,0,0,0,1,0.0,0.0,0.0,0.0
702463,Aaron McKeithan,2,0,0,0,0,1,0.0,0.5,0.0,0.5
683169,Sean McLain,2,0,0,0,0,1,0.0,0.0,0.0,0.0
687084,Joshua Mears,1,0,0,0,0,0,0.0,0.0,0.0,0.0
685133,Wade Meckler,7,0,0,0,2,1,0.0,0.286,0.0,0.286
809861,Chase Meggers,0,0,0,0,0,0,0.0,0.0,0.0,0.0
800354,Esteban Mejia,1,0,0,0,0,0,0.0,0.0,0.0,0.0
828116,Gustavo Melendez,1,0,0,0,1,0,0.0,1.0,0.0,1.0
801525,Wady Mendez,1,0,0,0,0,1,0.0,0.0,0.0,0.0
685332,Carlos Mendoza,3,0,0,0,1,0,0.0,0.333,0.0,0.333
823768,Lorenzo Meola,0,0,0,0,0,0,0.0,0.0,0.0,0.0
703160,Yasser Mercedes,1,0,0,0,1,0,0.0,1.0,0.0,1.0
702574,David Mershon,1,0,0,0,1,0,0.0,1.0,0.0,1.0
680273,Chris Meyers,2,0,0,0,0,0,0.0,0.0,0.0,0.0
804446,Eddie Micheletti Jr.,1,0,0,0,0,0,0.0,0.0,0.0,0.0
808119,Yaikel Mijares,2,0,0,0,1,0,0.0,0.5,0.0,0.5
824028,Gage Miller,1,0,0,0,1,0,0.0,1.0,0.0,1.0
668943,Ryan Miller,0,0,0,0,0,0,0.0,0.0,0.0,0.0
815829,Ryan Mitchell,1,0,0,1,0,0,0.0,0.0,0.0,0.0
806986,Raymond Mola,2,0,0,0,0,2,0.0,0.0,0.0,0.0
695744,Ian Moller,1,0,0,0,0,1,0.0,0.0,0.0,0.0
670148,Nate Mondou,2,0,0,0,0,0,0.0,0.0,0.0,0.0
815911,Edgar Montero,2,0,0,0,0,2,0.0,0.0,0.0,0.0
695603,Benny Montgomery,3,0,0,0,0,1,0.0,0.0,0.0,0.0
695731,Braden Montgomery,1,0,0,0,0,0,0.0,0.0,0.0,0.0
808267,Jose Monzon,2,0,0,0,1,0,0.0,0.5,0.0,0.5
695681,Christian Moore,3,0,0,0,0,2,0.0,0.0,0.0,0.0
702270,Malcolm Moore,1,0,0,0,1,0,0.0,1.0,0.0,1.0
691001,Robert Moore,2,0,0,0,0,1,0.0,0.0,0.0,0.0
691002,Yohandy Morales,2,0,0,1,0,0,0.0,0.0,0.0,0.0
829716,Darell Morel,1,0,0,0,0,0,0.0,0.0,0.0,0.0
691003,Tre' Morgan,2,0,0,0,1,0,0.0,0.5,0.0,0.5
703563,PJ Morlando,2,0,0,0,0,2,0.0,0.0,0.0,0.0
699305,Diego Mosquera,5,0,0,1,0,1,0.0,0.0,0.0,0.0
801978,Callan Moss,0,0,0,0,0,0,0.0,0.0,0.0,0.0
694742,Josh Moylan,0,0,0,0,0,0,0.0,0.0,0.0,0.0
703153,Samuel Munoz,1,0,0,0,1,0,0.0,1.0,0.0,1.0
827719,Jake Munroe,2,0,0,0,0,0,0.0,0.0,0.0,0.0
656786,Parker Mushinski,0,0,0,0,0,0,0.0,0.0,0.0,0.0
802504,Myles Naylor,1,0,0,0,0,0,0.0,0.0,0.0,0.0
702563,Mason Neville,1,0,0,0,0,0,0.0,0.0,0.0,0.0
683006,Chris Newell,3,0,0,1,1,1,0.0,0.333,0.0,0.333
702461,Kay-Lan Nicasia,1,0,0,0,0,0,0.0,0.0,0.0,0.0
690804,Ryan Nicholson,1,0,0,0,0,1,0.0,0.0,0.0,0.0
694399,Elijah Nunez,1,0,0,0,0,1,0.0,0.0,0.0,0.0
815966,Irvin Nunez,0,0,0,0,0,0,0.0,0.0,0.0,0.0
808245,Starlyn Nunez,1,0,0,0,0,1,0.0,0.0,0.0,0.0
624513,Dom Nuñez,8,0,0,0,4,3,0.0,0.5,0.0,0.5
657247,Brian O'Keefe,2,0,0,0,0,1,0.0,0.0,0.0,0.0
658668,Edward Olivares,4,0,0,1,1,0,0.0,0.25,0.0,0.25
834672,Michael Oliveto,1,0,0,0,0,0,0.0,0.0,0.0,0.0
815586,Joe Olsavsky,1,0,0,0,0,0,0.0,0.0,0.0,0.0
836168,Andrews Opata,1,0,0,0,0,1,0.0,0.0,0.0,0.0
676053,Casey Opitz,1,0,0,0,0,1,0.0,0.0,0.0,0.0
703861,Victor Ortega,0,0,0,0,0,0,0.0,0.0,0.0,0.0
811765,Deniel Ortiz,0,0,0,0,0,0,0.0,0.0,0.0,0.0
800540,Hector Osorio,0,0,0,0,0,0,0.0,0.0,0.0,0.0
800149,Carlos Pacheco,1,0,0,0,0,0,0.0,0.0,0.0,0.0
813860,Charlie Pagliarini,1,0,0,0,0,1,0.0,0.0,0.0,0.0
808285,Alberth Palma,3,0,0,0,0,2,0.0,0.0,0.0,0.0
682692,Miguel Palma,1,0,0,0,1,0,0.0,1.0,0.0,1.0
691006,Kevin Parada,1,0,0,0,1,0,0.0,1.0,0.0,1.0
804603,Duncan Pastore,1,0,0,0,0,0,0.0,0.0,0.0,0.0
800387,Fernando Peguero,1,0,0,0,0,1,0.0,0.0,0.0,0.0
804114,Luke Pelzer,0,0,0,0,0,0,0.0,0.0,0.0,0.0
802599,Jack Penney,1,0,0,0,1,0,0.0,1.0,0.0,1.0
693243,Garrett Pennington,0,0,0,0,0,0,0.0,0.0,0.0,0.0
700321,Andy Perez,3,0,0,0,0,1,0.0,0.0,0.0,0.0
800419,Jeral Perez,1,0,0,0,0,0,0.0,0.0,0.0,0.0
699077,Jose Perez,1,0,0,0,1,0,0.0,1.0,0.0,1.0
703639,Nico Perez,1,0,0,0,0,0,0.0,0.0,0.0,0.0
695763,Sam Petersen,2,0,0,0,0,1,0.0,0.0,0.0,0.0
800266,Yordalin Peña,1,0,0,0,0,1,0.0,0.0,0.0,0.0
827264,Ryan Picollo,4,0,0,0,0,3,0.0,0.0,0.0,0.0
828084,Daniel Pierce,1,0,0,0,0,0,0.0,0.0,0.0,0.0
703204,Esmith Pineda,6,0,0,0,1,2,0.0,0.2,0.0,0.2
683610,Leandro Pineda,1,0,0,0,0,0,0.0,0.0,0.0,0.0
815904,Leonardo Pineda,2,0,0,0,0,1,0.0,0.0,0.0,0.0
694191,Pedro Pineda,0,0,0,0,0,0,0.0,0.0,0.0,0.0
700720,Luis Pino,0,0,0,0,0,0,0.0,0.0,0.0,0.0
808141,Jose Pirela,1,0,0,0,0,1,0.0,0.0,0.0,0.0
694689,Dominic Pitelli,2,0,0,0,0,1,0.0,0.0,0.0,0.0
702550,Chandler Pollard,1,0,0,0,0,1,0.0,0.0,0.0,0.0
682515,Logan Porter,1,0,0,0,0,0,0.0,0.0,0.0,0.0
702547,Caden Powell,2,0,0,0,0,2,0.0,0.0,0.0,0.0
691262,Reginald Preciado,3,0,0,0,1,1,0.0,0.333,0.0,0.333
698990,Enmanuel Ramirez,1,0,0,0,0,1,0.0,0.0,0.0,0.0
808675,Ramon Ramirez,3,0,0,0,0,0,0.0,0.0,0.0,0.0
800201,Rafael Ramirez Jr.,1,0,0,0,1,0,0.0,1.0,0.0,1.0
695596,Nick Raposo,1,0,0,0,0,0,0.0,0.0,0.0,0.0
656883,Jakson Reetz,2,0,0,0,0,2,0.0,0.0,0.0,0.0
813939,Jan Luis Reyes,1,0,0,0,0,1,0.0,0.0,0.0,0.0
815902,Yandel Ricardo,1,0,0,0,0,0,0.0,0.0,0.0,0.0
811312,Justin Riemer,1,0,0,0,0,0,0.0,0.0,0.0,0.0
691792,Roc Riggio,1,0,0,0,0,1,0.0,0.0,0.0,0.0
808298,Heriberto Rincon,1,0,0,0,0,1,0.0,0.0,0.0,0.0
701980,Nestor Rios,0,0,0,0,0,0,0.0,0.0,0.0,0.0
691422,Kevin Rivas,1,0,0,0,1,0,0.0,1.0,0.0,1.0
687069,Josh Rivera,4,0,0,0,2,1,0.0,0.5,0.0,0.5
681134,Caleb Roberts,6,0,0,0,2,1,0.0,0.333,0.0,0.333
805956,Kai Roberts,1,0,0,0,0,0,0.0,1.0,0.0,1.0
683770,Will Robertson,2,0,0,0,0,0,0.0,0.0,0.0,0.0
816384,Sam Robertson,0,0,0,0,0,0,0.0,0.0,0.0,0.0
677565,Kristian Robinson,4,0,0,0,0,3,0.0,0.0,0.0,0.0
811287,Carson Roccaforte,6,0,0,0,0,3,0.0,0.0,0.0,0.0
703641,Adrian Rodriguez,4,0,0,1,1,1,0.0,0.25,0.0,0.25
808233,Alfredo Rodriguez,1,0,0,0,0,0,0.0,0.0,0.0,0.0
684491,Frank Rodriguez,2,0,0,0,0,1,0.0,0.0,0.0,0.0
821657,Gabriel Rodriguez,2,0,0,0,0,0,0.0,0.0,0.0,0.0
829712,Gabriel Rodriguez,2,0,0,0,0,1,0.0,0.0,0.0,0.0
679563,José Rodríguez,4,0,0,0,0,0,0.0,0.0,0.0,0.0
677601,Keyber Rodriguez,3,0,0,0,1,0,0.0,0.333,0.0,0.333
670232,Ramón Rodríguez,6,0,0,1,1,0,0.0,0.333,0.0,0.333
699302,Héctor Rodríguez,6,0,0,0,0,2,0.0,0.0,0.0,0.0
811325,Eyeksson Rojas,0,0,0,0,0,0,0.0,0.0,0.0,0.0
686912,Maxwell Romero Jr.,0,0,0,0,0,0,0.0,0.0,0.0,0.0
829997,Ricardo Romero,1,0,0,0,0,0,0.0,0.0,0.0,0.0
806210,Alfonsin Rosario,1,0,0,0,0,1,0.0,0.0,0.0,0.0
691385,Ronald Rosario,1,0,0,0,0,1,0.0,0.0,0.0,0.0
694896,Caden Rose,1,0,0,0,0,1,0.0,0.0,0.0,0.0
681468,Corey Rosier,1,0,0,0,0,0,0.0,0.0,0.0,0.0
805346,Ben Ross,2,0,0,0,0,1,0.0,0.0,0.0,0.0
813620,Carson Rucker,1,0,0,0,0,0,0.0,0.0,0.0,0.0
696160,Jake Rucker,3,0,0,0,0,0,0.0,0.0,0.0,0.0
689822,Matt Rudick,4,0,0,0,1,3,0.0,0.25,0.0,0.25
702409,Jorge Ruiz,3,0,0,0,0,0,0.0,0.0,0.0,0.0
815535,Eddie Rynders,1,0,0,0,1,0,0.0,1.0,0.0,1.0
823073,Nolan Sailors,1,0,0,0,0,1,0.0,0.0,0.0,0.0
806956,Ethan Salas,4,0,0,1,1,0,0.0,0.25,0.0,0.25
692564,Johnfrank Salazar,0,0,0,0,0,0,0.0,0.0,0.0,0.0
813880,Devin Saltiban,1,0,0,0,0,0,0.0,1.0,0.0,1.0
692046,Axel Sanchez,1,0,0,0,0,0,0.0,1.0,0.0,1.0
809331,Brian Sanchez,0,0,0,0,0,0,0.0,0.0,0.0,0.0
815608,Wyatt Sanford,1,0,0,0,0,1,0.0,0.0,0.0,0.0
811948,Tony Santa Maria,1,0,0,0,0,0,0.0,0.0,0.0,0.0
694184,Cristian Santana,0,0,0,0,0,0,0.0,0.0,0.0,0.0
800185,Ruben Santana,2,0,0,0,1,0,0.0,1.0,0.0,1.0
814411,Matt Scannell,1,0,0,0,0,0,0.0,1.0,0.0,1.0
828395,Jason Schiavone,2,0,0,0,0,1,0.0,0.0,0.0,0.0
802355,Tanner Schobel,4,0,0,0,1,2,0.0,0.25,0.0,0.25
702302,RJ Schreck,7,0,0,0,1,3,0.0,0.143,0.0,0.143
668845,Aaron Schunk,3,0,0,0,0,0,0.0,0.0,0.0,0.0
681286,JT Schwartz,2,0,0,0,0,0,0.0,0.0,0.0,0.0
701701,Quincy Scott,2,0,0,0,0,0,0.0,0.0,0.0,0.0
681400,Danny Serretti,6,0,0,0,1,2,0.0,0.167,0.0,0.167
661531,Brian Serven,12,0,0,0,1,4,0.0,0.083,0.0,0.083
809975,Kodey Shojinaga,1,0,0,0,0,0,0.0,0.0,0.0,0.0
689651,Phillip Sikes,0,0,0,0,0,0,0.0,0.0,0.0,0.0
808137,Heribert Silva,3,0,0,0,0,0,0.0,0.0,0.0,0.0
689302,Karson Simas,3,0,0,0,0,2,0.0,0.0,0.0,0.0
687310,Will Simpson,2,0,0,0,1,0,0.0,0.5,0.0,0.5
820989,Kyle Sinzza,1,0,0,0,0,0,0.0,0.0,0.0,0.0
829670,Brayden Smith,2,0,0,0,0,2,0.0,0.0,0.0,0.0
688617,Michael Snyder,1,0,0,0,0,0,0.0,0.0,0.0,0.0
686765,Nick Sogard,8,0,0,1,1,0,0.0,0.125,0.0,0.125
675382,Andrew Sojka,2,0,0,0,1,1,0.0,0.5,0.0,0.5
823550,Sung-Mun Song,2,0,0,0,1,1,0.0,0.5,0.0,0.5
807649,Yeycol Soriano,0,0,0,0,0,0,0.0,0.0,0.0,0.0
800449,Thomas Sosa,2,0,0,0,0,1,0.0,0.0,0.0,0.0
701811,John Spikerman,0,0,0,0,0,0,0.0,0.0,0.0,0.0
814445,Jared Sprague-Lott,1,0,0,0,1,0,0.0,1.0,0.0,1.0
688394,Jordan Sprinkle,1,0,0,0,0,1,0.0,0.0,0.0,0.0
809921,Jake Steels,1,0,0,0,0,1,0.0,0.0,0.0,0.0
700931,Seth Stephenson,2,0,0,0,1,0,0.0,0.5,0.0,0.5
670276,Cal Stevenson,1,0,0,0,0,1,0.0,0.0,0.0,0.0
806233,Luke Stevenson,1,0,0,0,0,1,0.0,0.0,0.0,0.0
696510,Peyton Stovall,1,0,0,0,0,0,0.0,0.0,0.0,0.0
804911,Brendan Summerhill,2,0,0,0,0,0,0.0,0.0,0.0,0.0
702495,Josh Tate,2,0,0,0,0,2,0.0,0.0,0.0,0.0
702522,Aiden Taurek,0,0,0,0,0,0,0.0,0.0,0.0,0.0
821049,Feldi Tavarez,0,0,0,0,0,0,0.0,0.0,0.0,0.0
703178,Braylin Tavera,0,0,0,0,0,0,0.0,0.0,0.0,0.0
694966,Brayden Taylor,2,0,0,0,1,1,0.0,0.5,0.0,0.5
805127,Devin Taylor,1,0,0,0,0,0,0.0,0.0,0.0,0.0
822966,John Taylor,0,0,0,0,0,0,0.0,0.0,0.0,0.0
807511,Nelly Taylor,1,0,0,0,0,1,0.0,0.0,0.0,0.0
669392,Samad Taylor,5,0,0,1,0,1,0.0,0.0,0.0,0.0
696142,Will Taylor,1,0,0,0,1,0,0.0,1.0,0.0,1.0
701837,Kavares Tears,1,0,0,0,0,1,0.0,0.0,0.0,0.0
800285,Enmanuel Tejeda,3,0,0,0,0,2,0.0,0.0,0.0,0.0
642136,Matt Thaiss,5,0,0,0,2,1,0.0,0.4,0.0,0.4
684976,Johnathon Thomas,1,0,0,0,1,0,0.0,1.0,0.0,1.0
823295,Jay Thomason,0,0,0,0,0,0,0.0,0.0,0.0,0.0
680899,Erik Tolman,0,0,0,0,0,0,0.0,0.0,0.0,0.0
828319,Marshall Toole,3,0,0,0,0,2,0.0,0.0,0.0,0.0
800198,Cristofer Torin,8,0,0,0,0,1,0.0,0.0,0.0,0.0
805075,Erick Torres,1,0,0,0,0,0,0.0,0.0,0.0,0.0
686958,Jose Torres,2,0,0,0,0,0,0.0,0.0,0.0,0.0
800106,Marcos Torres,0,0,0,0,0,0,0.0,0.0,0.0,0.0
807714,Carter Trice,5,0,0,0,1,3,0.0,0.2,0.0,0.2
814458,Fenwick Trimble,6,0,0,0,0,2,0.0,0.167,0.0,0.167
644433,Chadwick Tromp,3,0,0,0,0,1,0.0,0.0,0.0,0.0
694371,Tommy Troy,4,0,0,0,0,1,0.0,0.0,0.0,0.0
805964,Stanley Tucker,2,0,0,1,0,0,0.0,0.0,0.0,0.0
686683,Tevin Tucker,3,0,0,0,0,2,0.0,0.0,0.0,0.0
665839,Enmanuel Valdez,3,0,0,0,2,0,0.0,0.667,0.0,0.667
678232,Jesus Valdez,6,0,0,0,1,2,0.0,0.167,0.0,0.167
806982,Esmil Valencia,1,0,0,0,0,0,0.0,0.0,0.0,0.0
703143,Cristhian Vaquero,2,0,0,0,0,2,0.0,0.0,0.0,0.0
800448,Echedry Vargas,2,0,0,0,0,1,0.0,0.0,0.0,0.0
691621,Jheremy Vargas,1,0,0,0,1,0,0.0,1.0,0.0,1.0
806959,Joendry Vargas,3,0,0,0,0,1,0.0,0.0,0.0,0.0
804614,Marco Vargas,1,0,0,0,0,0,0.0,0.0,0.0,0.0
623205,Andrew Velazquez,8,0,0,0,2,1,0.0,0.286,0.0,0.286
806252,Ralphy Velazquez,3,0,0,0,0,0,0.0,0.0,0.0,0.0
678962,Daniel Vellojin,7,0,0,0,0,1,0.0,0.0,0.0,0.0
691186,Arol Vera,1,0,0,0,0,1,0.0,0.0,0.0,0.0
698916,Rosman Verdugo,2,0,0,0,0,1,0.0,0.5,0.0,0.5
815299,Will Verdung,3,0,0,0,1,0,0.0,0.333,0.0,0.333
694838,Joe Vetrano,4,0,0,0,2,1,0.0,0.5,0.0,0.5
681036,Anthony Vilar,6,0,0,0,3,2,0.0,0.5,0.0,0.5
829958,Kamuel Villar,0,0,0,0,0,0,0.0,0.0,0.0,0.0
692446,Miguel Villarroel,1,0,0,0,0,0,0.0,0.0,0.0,0.0
827765,Leonel Vivas,0,0,0,0,0,0,0.0,0.0,0.0,0.0
802544,Brock Vradenburg,0,0,0,0,0,0,0.0,0.0,0.0,0.0
809844,Kien Vu,6,0,0,0,0,1,0.0,0.0,0.0,0.0
809143,Kyle Walker,0,0,0,0,0,0,0.0,0.0,0.0,0.0
691024,Cayden Wallace,0,0,0,0,0,0,0.0,0.0,0.0,0.0
669219,Je'Von Ward,3,0,0,0,0,1,0.0,0.0,0.0,0.0
694310,Bryson Ware,5,0,0,0,1,3,0.0,0.2,0.0,0.2
690944,Curtis Washington Jr.,3,0,0,0,2,1,0.0,0.667,0.0,0.667
696264,Tyler Whitaker,3,0,0,0,0,1,0.0,0.0,0.0,0.0
702517,Mason White,0,0,0,0,0,0,0.0,0.0,0.0,0.0
695604,T.J. White,1,0,0,0,0,0,0.0,0.0,0.0,0.0
834240,Ryan Wideman,1,0,0,0,0,1,0.0,0.0,0.0,0.0
694385,Brock Wilken,8,0,0,0,2,3,0.0,0.25,0.0,0.25
688875,Trace Willhoite,4,0,0,0,0,2,0.0,0.0,0.0,0.0
689052,Jordan Williams,1,0,0,0,0,1,0.0,0.0,0.0,0.0
816113,Eli Willits,2,0,0,0,1,0,0.0,0.5,0.0,0.5
813400,Jack Winnay,2,0,0,0,0,1,0.0,0.0,0.0,0.0
805804,George Wolkow,2,0,0,0,0,1,0.0,0.0,0.0,0.0
687783,Matthew Wood,2,0,0,0,0,0,0.0,0.0,0.0,0.0
671748,Casey Yamauchi,1,0,0,0,0,0,0.0,0.0,0.0,0.0
829649,Colin Yeaman,2,0,0,0,0,1,0.0,0.0,0.0,0.0
660766,Juan Yepez,1,0,0,0,1,0,0.0,1.0,0.0,1.0
647378,Andy Yerzy,6,0,0,0,0,5,0.0,0.0,0.0,0.0
696281,Wyatt Young,2,0,0,0,0,2,0.0,0.0,0.0,0.0
827636,Trent Youngblood,4,0,0,0,0,3,0.0,0.0,0.0,0.0
800256,Natanael Yuten,1,0,0,0,0,0,0.0,0.0,0.0,0.0
694214,Samuel Zavala,2,0,0,0,0,2,0.0,0.0,0.0,0.0
700845,Adam Zebrowski,1,0,0,0,0,0,0.0,0.0,0.0,0.0
823185,Zane Zielinski,0,0,0,0,0,0,0.0,0.0,0.0,0.0
